source,instance_id,is_damaged,ground_truth_note,current_anomaly_score,severity_trend,localised_height_m,localised_label,priority_score,inspection_cost_aud,risk_of_delay_aud,worth_inspecting_now
synthetic,synthetic-348,True,damage severity 0.5,4.758439064025879,1.2977953895926475,9.0,sensor node 64 (~9.0 m up),6.175480278950339,1340.0,30877.401394751694,True
synthetic,synthetic-178,True,damage severity 0.3,3.159231424331665,0.8842109590768813,9.0,sensor node 64 (~9.0 m up),2.793427047654123,1340.0,13967.135238270615,True
synthetic,synthetic-371,True,damage severity 0.5,2.46921443939209,0.6307663589715956,9.0,sensor node 64 (~9.0 m up),1.5574974014554381,1340.0,7787.487007277191,True
synthetic,synthetic-270,True,damage severity 0.3,1.9192708730697632,0.5451151713728905,0.42857142857142855,sensor node 4 (~0.4 m up),1.046223670884421,825.7142857142857,5231.118354422105,True
synthetic,synthetic-632,True,damage severity 1.0,1.7883294820785522,0.4335575386881827,9.0,sensor node 63 (~9.0 m up),0.7753437286134897,1340.0,3876.7186430674483,True
synthetic,synthetic-381,True,damage severity 0.5,1.7577497959136963,0.41777217686176293,9.0,sensor node 63 (~9.0 m up),0.7343389586171845,1340.0,3671.6947930859224,True
synthetic,synthetic-364,True,damage severity 0.5,1.5765762329101562,0.4058744877576827,9.0,sensor node 64 (~9.0 m up),0.6398920709433468,1340.0,3199.460354716734,True
synthetic,synthetic-324,True,damage severity 0.5,1.550083041191101,0.3958816483616829,0.42857142857142855,sensor node 3 (~0.4 m up),0.6136494294442235,825.7142857142857,3068.2471472211178,True
synthetic,synthetic-264,True,damage severity 0.3,1.336591362953186,0.32904339134693145,0.42857142857142855,sensor node 3 (~0.4 m up),0.4397965549111337,825.7142857142857,2198.9827745556686,True
synthetic,synthetic-404,True,damage severity 0.5,1.1598314046859741,0.27940315455198284,5.571428571428571,sensor node 40 (~5.6 m up),0.3240605532177186,1134.2857142857142,1620.302766088593,True
synthetic,synthetic-633,True,damage severity 1.0,1.1596941947937012,0.255746379494667,7.285714285714286,sensor node 53 (~7.3 m up),0.2965875916394722,1237.142857142857,1482.937958197361,True
synthetic,synthetic-176,True,damage severity 0.3,1.1231951713562012,0.24306693375110622,9.0,sensor node 63 (~9.0 m up),0.2730116063056002,1340.0,1365.0580315280008,True
synthetic,synthetic-310,True,damage severity 0.5,0.40491315722465515,0.6221177980303766,9.0,sensor node 63 (~9.0 m up),0.25190368176613015,1340.0,1259.5184088306507,False
synthetic,synthetic-542,True,damage severity 0.7,0.8945094347000122,0.27748677581548686,7.285714285714286,sensor node 52 (~7.3 m up),0.24821453897144016,1237.142857142857,1241.0726948572008,True
synthetic,synthetic-108,False,healthy,0.8416330218315125,0.19007326215505602,5.571428571428571,sensor node 41 (~5.6 m up),0.15997193399693305,1134.2857142857142,799.8596699846653,False
synthetic,synthetic-330,True,damage severity 0.5,0.6169739961624146,0.2381700396537781,7.285714285714286,sensor node 53 (~7.3 m up),0.1469447211313522,1237.142857142857,734.723605656761,False
synthetic,synthetic-71,False,healthy,0.7472559213638306,0.18471420705318448,3.8571428571428568,sensor node 28 (~3.9 m up),0.13802878498051674,1031.4285714285713,690.1439249025836,False
synthetic,synthetic-250,True,damage severity 0.3,0.7718938589096069,0.17782963514328,7.285714285714286,sensor node 53 (~7.3 m up),0.13726560329923387,1237.142857142857,686.3280164961693,False
synthetic,synthetic-691,True,damage severity 1.0,0.8591330647468567,0.15648987889289856,7.285714285714286,sensor node 53 (~7.3 m up),0.13444562925512038,1237.142857142857,672.228146275602,False
synthetic,synthetic-455,True,damage severity 0.7,0.7201002240180969,0.17428717762231824,5.571428571428571,sensor node 41 (~5.6 m up),0.1255042356493132,1134.2857142857142,627.521178246566,False
synthetic,synthetic-243,True,damage severity 0.3,0.7520774006843567,0.15884573161602017,7.285714285714286,sensor node 53 (~7.3 m up),0.11946428494358138,1237.142857142857,597.3214247179069,False
synthetic,synthetic-602,True,damage severity 1.0,0.7496967911720276,0.15773420184850692,7.285714285714286,sensor node 53 (~7.3 m up),0.11825282498390655,1237.142857142857,591.2641249195327,False
synthetic,synthetic-217,True,damage severity 0.3,0.6877694725990295,0.1508818671107292,5.571428571428571,sensor node 41 (~5.6 m up),0.10377194216750309,1134.2857142857142,518.8597108375154,False
synthetic,synthetic-332,True,damage severity 0.5,0.19978812336921692,0.48666484951972977,9.0,sensor node 64 (~9.0 m up),0.09722985699530916,1340.0,486.1492849765458,False
synthetic,synthetic-507,True,damage severity 0.7,0.6227355599403381,0.15441613793373107,5.571428571428571,sensor node 41 (~5.6 m up),0.0961604201199865,1134.2857142857142,480.80210059993254,False
synthetic,synthetic-286,True,damage severity 0.3,0.8235037922859192,0.11462273746728895,9.0,sensor node 65 (~9.0 m up),0.09439225898650576,1340.0,471.9612949325288,False
synthetic,synthetic-387,True,damage severity 0.5,0.7018965482711792,0.13261618912219997,9.0,sensor node 63 (~9.0 m up),0.09308284538975006,1340.0,465.4142269487503,False
synthetic,synthetic-254,True,damage severity 0.3,0.6807517409324646,0.13522658348083494,5.571428571428571,sensor node 41 (~5.6 m up),0.09205573212492764,1134.2857142857142,460.2786606246382,False
synthetic,synthetic-712,True,damage severity 1.0,0.5889230966567993,0.15083056688308716,2.142857142857143,sensor node 17 (~2.1 m up),0.08882760451928817,928.5714285714286,444.13802259644086,False
synthetic,synthetic-175,True,damage severity 0.3,0.6291196346282959,0.13412127941846846,7.285714285714286,sensor node 53 (~7.3 m up),0.08437833030362646,1237.142857142857,421.8916515181323,False
synthetic,synthetic-673,True,damage severity 1.0,0.45404279232025146,0.18377036154270174,9.0,sensor node 63 (~9.0 m up),0.08343960810055046,1340.0,417.1980405027523,False
synthetic,synthetic-736,True,damage severity 1.0,0.592349112033844,0.13482106178998943,0.42857142857142855,sensor node 4 (~0.4 m up),0.07986113623476025,825.7142857142857,399.30568117380125,False
synthetic,synthetic-483,True,damage severity 0.7,0.531646192073822,0.1476071164011955,7.285714285714286,sensor node 53 (~7.3 m up),0.07847476135769299,1237.142857142857,392.37380678846495,False
synthetic,synthetic-487,True,damage severity 0.7,0.6094996929168701,0.12609101459383965,5.571428571428571,sensor node 41 (~5.6 m up),0.07685243467452185,1134.2857142857142,384.26217337260925,False
synthetic,synthetic-509,True,damage severity 0.7,0.6714454293251038,0.1088768884539604,7.285714285714286,sensor node 52 (~7.3 m up),0.07310488911155087,1237.142857142857,365.52444555775435,False
synthetic,synthetic-718,True,damage severity 1.0,0.5200645923614502,0.13980556428432464,5.571428571428571,sensor node 41 (~5.6 m up),0.07270792379938981,1134.2857142857142,363.53961899694906,False
synthetic,synthetic-53,False,healthy,0.5439961552619934,0.13345622122287748,0.42857142857142855,sensor node 4 (~0.4 m up),0.0725996712410394,825.7142857142857,362.998356205197,False
synthetic,synthetic-439,True,damage severity 0.5,0.5841399431228638,0.12264143675565721,9.0,sensor node 65 (~9.0 m up),0.0716397618909559,1340.0,358.1988094547795,False
synthetic,synthetic-637,True,damage severity 1.0,0.771285891532898,0.08677621930837628,7.285714285714286,sensor node 53 (~7.3 m up),0.06692927367311527,1237.142857142857,334.64636836557634,False
synthetic,synthetic-713,True,damage severity 1.0,0.5810133814811707,0.11439456045627593,7.285714285714286,sensor node 53 (~7.3 m up),0.06646477039375308,1237.142857142857,332.3238519687654,False
synthetic,synthetic-261,True,damage severity 0.3,0.5652368068695068,0.1151104971766472,7.285714285714286,sensor node 53 (~7.3 m up),0.06506468986128945,1237.142857142857,325.32344930644723,False
synthetic,synthetic-648,True,damage severity 1.0,0.45442068576812744,0.142122146487236,2.142857142857143,sensor node 17 (~2.1 m up),0.06458324326956805,928.5714285714286,322.91621634784025,False
synthetic,synthetic-661,True,damage severity 1.0,0.5419653058052063,0.11613281220197677,3.8571428571428568,sensor node 29 (~3.9 m up),0.06293995507906293,1031.4285714285713,314.69977539531465,False
synthetic,synthetic-628,True,damage severity 1.0,0.569233238697052,0.10469331890344619,2.142857142857143,sensor node 15 (~2.1 m up),0.059594916989351966,928.5714285714286,297.9745849467598,False
synthetic,synthetic-622,True,damage severity 1.0,0.6031405925750732,0.09833423346281049,7.285714285714286,sensor node 53 (~7.3 m up),0.05930936784117512,1237.142857142857,296.5468392058756,False
synthetic,synthetic-296,True,damage severity 0.3,0.5277667045593262,0.11044380515813824,5.571428571428571,sensor node 41 (~5.6 m up),0.05828856308730293,1134.2857142857142,291.44281543651465,False
synthetic,synthetic-319,True,damage severity 0.5,0.5669898390769958,0.09941857606172563,7.285714285714286,sensor node 53 (~7.3 m up),0.05636932244250189,1237.142857142857,281.84661221250946,False
synthetic,synthetic-279,True,damage severity 0.3,0.4597763419151306,0.11844979524612431,7.285714285714286,sensor node 53 (~7.3 m up),0.054460413558859264,1237.142857142857,272.3020677942963,False
synthetic,synthetic-351,True,damage severity 0.5,0.6240710616111755,0.08698511123657228,0.42857142857142855,sensor node 3 (~0.4 m up),0.054284890713773855,825.7142857142857,271.4244535688693,False
synthetic,synthetic-630,True,damage severity 1.0,0.5922946929931641,0.0912331998348236,7.285714285714286,sensor node 53 (~7.3 m up),0.05403694008695083,1237.142857142857,270.1847004347541,False
synthetic,synthetic-665,True,damage severity 1.0,0.5288126468658447,0.09886621385812758,7.285714285714286,sensor node 53 (~7.3 m up),0.0522817042359211,1237.142857142857,261.4085211796055,False
synthetic,synthetic-614,True,damage severity 1.0,0.6763170957565308,0.07626108527183534,0.42857142857142855,sensor node 5 (~0.4 m up),0.051576675710288816,825.7142857142857,257.8833785514441,False
synthetic,synthetic-171,True,damage severity 0.3,0.519099771976471,0.09853105843067166,5.571428571428571,sensor node 39 (~5.6 m up),0.05114744996396199,1134.2857142857142,255.73724981980996,False
synthetic,synthetic-557,True,damage severity 0.7,0.5272811055183411,0.09225154668092729,9.0,sensor node 65 (~9.0 m up),0.04864249751969619,1340.0,243.21248759848095,False
synthetic,synthetic-315,True,damage severity 0.5,0.47039058804512024,0.10164014250040056,5.571428571428571,sensor node 41 (~5.6 m up),0.047810566399753236,1134.2857142857142,239.05283199876618,False
synthetic,synthetic-601,True,damage severity 1.0,0.4465825855731964,0.10590139627456667,7.285714285714286,sensor node 53 (~7.3 m up),0.04729371936410765,1237.142857142857,236.46859682053827,False
synthetic,synthetic-260,True,damage severity 0.3,0.531473696231842,0.0875565066933632,5.571428571428571,sensor node 41 (~5.6 m up),0.04653398024146976,1134.2857142857142,232.66990120734883,False
synthetic,synthetic-495,True,damage severity 0.7,0.4556657075881958,0.09862221032381058,7.285714285714286,sensor node 51 (~7.3 m up),0.044938759251111016,1237.142857142857,224.69379625555507,False
synthetic,synthetic-407,True,damage severity 0.5,0.48890623450279236,0.09017864763736723,0.42857142857142855,sensor node 4 (~0.4 m up),0.044088903048939344,825.7142857142857,220.44451524469673,False
synthetic,synthetic-636,True,damage severity 1.0,0.5480627417564392,0.0790556415915489,5.571428571428571,sensor node 40 (~5.6 m up),0.04332745168197868,1134.2857142857142,216.63725840989338,False
synthetic,synthetic-717,True,damage severity 1.0,0.5555718541145325,0.07708401232957837,5.571428571428571,sensor node 40 (~5.6 m up),0.04282570765253134,1134.2857142857142,214.1285382626567,False
synthetic,synthetic-378,True,damage severity 0.5,0.4348836839199066,0.09773268699645993,5.571428571428571,sensor node 41 (~5.6 m up),0.04250235096041165,1134.2857142857142,212.51175480205825,False
synthetic,synthetic-360,True,damage severity 0.5,0.47555235028266907,0.086326764523983,9.0,sensor node 64 (~9.0 m up),0.04105289576167865,1340.0,205.26447880839325,False
synthetic,synthetic-594,True,damage severity 0.7,0.41700446605682373,0.09428862780332568,2.142857142857143,sensor node 16 (~2.1 m up),0.03931877889235641,928.5714285714286,196.59389446178204,False
synthetic,synthetic-523,True,damage severity 0.7,0.5508170127868652,0.06995983421802521,7.285714285714286,sensor node 52 (~7.3 m up),0.03853506689903696,1237.142857142857,192.6753344951848,False
synthetic,synthetic-225,True,damage severity 0.3,0.4598551392555237,0.08211007267236708,5.571428571428571,sensor node 39 (~5.6 m up),0.03775873890303254,1134.2857142857142,188.79369451516268,False
synthetic,synthetic-589,True,damage severity 0.7,0.5147942304611206,0.07310821264982227,0.42857142857142855,sensor node 3 (~0.4 m up),0.03763568607145322,825.7142857142857,188.1784303572661,False
synthetic,synthetic-512,True,damage severity 0.7,0.4057263731956482,0.09266505241394045,3.8571428571428568,sensor node 28 (~3.9 m up),0.037596655637892704,1031.4285714285713,187.9832781894635,False
synthetic,synthetic-569,True,damage severity 0.7,0.457745224237442,0.08104343116283416,5.571428571428571,sensor node 40 (~5.6 m up),0.03709724357060322,1134.2857142857142,185.4862178530161,False
synthetic,synthetic-13,False,healthy,0.5321827530860901,0.06932570338249204,9.0,sensor node 63 (~9.0 m up),0.03689394368572428,1340.0,184.4697184286214,False
synthetic,synthetic-494,True,damage severity 0.7,0.5450422763824463,0.0674596592783928,0.42857142857142855,sensor node 4 (~0.4 m up),0.036768366257079424,825.7142857142857,183.84183128539712,False
synthetic,synthetic-533,True,damage severity 0.7,0.4395047724246979,0.08228577375411986,2.142857142857143,sensor node 15 (~2.1 m up),0.03616499026759463,928.5714285714286,180.82495133797315,False
synthetic,synthetic-160,True,damage severity 0.3,0.4432150423526764,0.0760220170021057,5.571428571428571,sensor node 39 (~5.6 m up),0.03369410148532416,1134.2857142857142,168.4705074266208,False
synthetic,synthetic-585,True,damage severity 0.7,0.3827836513519287,0.08739871680736545,5.571428571428571,sensor node 40 (~5.6 m up),0.03345479994299653,1134.2857142857142,167.27399971498264,False
synthetic,synthetic-550,True,damage severity 0.7,0.3309943974018097,0.10032178461551669,7.285714285714286,sensor node 53 (~7.3 m up),0.03320594864508709,1237.142857142857,166.02974322543542,False
synthetic,synthetic-271,True,damage severity 0.3,0.48120084404945374,0.0665049210190773,7.285714285714286,sensor node 53 (~7.3 m up),0.032002224127822256,1237.142857142857,160.01112063911128,False
synthetic,synthetic-446,True,damage severity 0.5,0.4195435047149658,0.07447449713945387,7.285714285714286,sensor node 52 (~7.3 m up),0.03124529154177117,1237.142857142857,156.22645770885586,False
synthetic,synthetic-702,True,damage severity 1.0,0.31825393438339233,0.0974111050367356,5.571428571428571,sensor node 39 (~5.6 m up),0.03100146743057499,1134.2857142857142,155.00733715287495,False
synthetic,synthetic-675,True,damage severity 1.0,0.26031923294067383,0.11209450364112858,9.0,sensor node 64 (~9.0 m up),0.029180355204724163,1340.0,145.9017760236208,False
synthetic,synthetic-334,True,damage severity 0.5,0.45762622356414795,0.06339173316955567,0.42857142857142855,sensor node 4 (~0.4 m up),0.029009719455569894,825.7142857142857,145.04859727784947,False
synthetic,synthetic-505,True,damage severity 0.7,0.4254399836063385,0.06723412424325943,5.571428571428571,sensor node 41 (~5.6 m up),0.02860408471583882,1134.2857142857142,143.0204235791941,False
synthetic,synthetic-412,True,damage severity 0.5,0.4221048355102539,0.06771725267171859,0.42857142857142855,sensor node 5 (~0.4 m up),0.02858377980020208,825.7142857142857,142.9188990010104,False
synthetic,synthetic-695,True,damage severity 1.0,0.42662689089775085,0.06663655787706377,7.285714285714286,sensor node 53 (~7.3 m up),0.028428947507219745,1237.142857142857,142.14473753609872,False
synthetic,synthetic-373,True,damage severity 0.5,0.5739447474479675,0.04774630665779112,7.285714285714286,sensor node 52 (~7.3 m up),0.027403741916279135,1237.142857142857,137.01870958139568,False
synthetic,synthetic-445,True,damage severity 0.5,0.4204755127429962,0.06458881199359894,5.571428571428571,sensor node 41 (~5.6 m up),0.027158013840469494,1134.2857142857142,135.79006920234747,False
synthetic,synthetic-590,True,damage severity 0.7,0.48141077160835266,0.05607298016548157,5.571428571428571,sensor node 41 (~5.6 m up),0.026994136647844336,1134.2857142857142,134.97068323922167,False
synthetic,synthetic-563,True,damage severity 0.7,0.35436755418777466,0.07603849172592161,3.8571428571428568,sensor node 29 (~3.9 m up),0.026945574337042182,1031.4285714285713,134.7278716852109,False
synthetic,synthetic-323,True,damage severity 0.5,0.3144088089466095,0.08509037941694263,7.285714285714286,sensor node 53 (~7.3 m up),0.026753164845296027,1237.142857142857,133.76582422648013,False
synthetic,synthetic-345,True,damage severity 0.5,0.3511129319667816,0.07471671104431153,7.285714285714286,sensor node 53 (~7.3 m up),0.026234003481683036,1237.142857142857,131.1700174084152,False
synthetic,synthetic-698,True,damage severity 1.0,0.4063989520072937,0.06386656612157823,5.571428571428571,sensor node 41 (~5.6 m up),0.025955305540113924,1134.2857142857142,129.77652770056963,False
synthetic,synthetic-395,True,damage severity 0.5,0.37872064113616943,0.06764224320650106,7.285714285714286,sensor node 53 (~7.3 m up),0.02561751371505478,1237.142857142857,128.0875685752739,False
synthetic,synthetic-576,True,damage severity 0.7,0.482676237821579,0.05250831842422482,2.142857142857143,sensor node 17 (~2.1 m up),0.025344517591342337,928.5714285714286,126.72258795671168,False
synthetic,synthetic-521,True,damage severity 0.7,0.39922070503234863,0.06276793777942657,7.285714285714286,sensor node 52 (~7.3 m up),0.02505826037372927,1237.142857142857,125.29130186864634,False
synthetic,synthetic-670,True,damage severity 1.0,0.42972517013549805,0.05757360458374022,7.285714285714286,sensor node 53 (~7.3 m up),0.024740827025061658,1237.142857142857,123.70413512530828,False
synthetic,synthetic-709,True,damage severity 1.0,0.5347201824188232,0.0461344689130783,5.571428571428571,sensor node 41 (~5.6 m up),0.024669031632996757,1134.2857142857142,123.34515816498379,False
synthetic,synthetic-318,True,damage severity 0.5,0.4437980055809021,0.05539875924587253,3.8571428571428568,sensor node 28 (~3.9 m up),0.02458585886497479,1031.4285714285713,122.92929432487394,False
synthetic,synthetic-229,True,damage severity 0.3,0.29454702138900757,0.08069144636392596,3.8571428571428568,sensor node 29 (~3.9 m up),0.023767425178065255,1031.4285714285713,118.83712589032628,False
synthetic,synthetic-681,True,damage severity 1.0,0.3448438048362732,0.06871603727340699,2.142857142857143,sensor node 17 (~2.1 m up),0.023696299746632832,928.5714285714286,118.48149873316416,False
synthetic,synthetic-179,True,damage severity 0.3,0.3054119050502777,0.07466204762458803,7.285714285714286,sensor node 53 (~7.3 m up),0.02280267819997999,1237.142857142857,114.01339099989995,False
synthetic,synthetic-747,True,damage severity 1.0,0.38898569345474243,0.05808003991842269,5.571428571428571,sensor node 41 (~5.6 m up),0.022592304603546772,1134.2857142857142,112.96152301773387,False
synthetic,synthetic-497,True,damage severity 0.7,0.295809805393219,0.07549615353345872,0.42857142857142855,sensor node 3 (~0.4 m up),0.022332502484669007,825.7142857142857,111.66251242334504,False
synthetic,synthetic-558,True,damage severity 0.7,0.4175071716308594,0.051813068985939056,3.8571428571428568,sensor node 27 (~3.9 m up),0.021632327885834014,1031.4285714285713,108.16163942917007,False
synthetic,synthetic-212,True,damage severity 0.3,0.27411067485809326,0.07782103717327123,9.0,sensor node 63 (~9.0 m up),0.021331577017722137,1340.0,106.65788508861068,False
synthetic,synthetic-390,True,damage severity 0.5,0.32351523637771606,0.06537204533815384,3.8571428571428568,sensor node 28 (~3.9 m up),0.02114885270006761,1031.4285714285713,105.74426350033805,False
synthetic,synthetic-416,True,damage severity 0.5,0.3757389485836029,0.05554168820381164,2.142857142857143,sensor node 15 (~2.1 m up),0.020869175528258486,928.5714285714286,104.34587764129243,False
synthetic,synthetic-119,False,healthy,0.23836544156074524,0.08517978489398963,9.0,sensor node 63 (~9.0 m up),0.020303917038305135,1340.0,101.51958519152568,False
synthetic,synthetic-566,True,damage severity 0.7,0.3751179277896881,0.05270197689533231,5.571428571428571,sensor node 40 (~5.6 m up),0.019769456363397078,1134.2857142857142,98.84728181698539,False
synthetic,synthetic-237,True,damage severity 0.3,0.41036051511764526,0.047415807843208355,5.571428571428571,sensor node 41 (~5.6 m up),0.019457575331258265,1134.2857142857142,97.28787665629133,False
synthetic,synthetic-322,True,damage severity 0.5,0.3982355296611786,0.04864892810583114,2.142857142857143,sensor node 17 (~2.1 m up),0.01937373165167426,928.5714285714286,96.86865825837131,False
synthetic,synthetic-239,True,damage severity 0.3,0.423500657081604,0.045167428255081174,3.8571428571428568,sensor node 28 (~3.9 m up),0.019128435544713083,1031.4285714285713,95.64217772356541,False
synthetic,synthetic-298,True,damage severity 0.3,0.38094568252563477,0.04857355356216433,5.571428571428571,sensor node 41 (~5.6 m up),0.018503885514434167,1134.2857142857142,92.51942757217083,False
synthetic,synthetic-392,True,damage severity 0.5,0.3129619061946869,0.05889559984207155,5.571428571428571,sensor node 40 (~5.6 m up),0.018432079193054212,1134.2857142857142,92.16039596527106,False
synthetic,synthetic-134,False,healthy,0.3942655324935913,0.04562903493642808,0.42857142857142855,sensor node 5 (~0.4 m up),0.0179899557563795,825.7142857142857,89.94977878189749,False
synthetic,synthetic-382,True,damage severity 0.5,0.28631117939949036,0.06224429011344911,7.285714285714286,sensor node 53 (~7.3 m up),0.01782123611326565,1237.142857142857,89.10618056632825,False
synthetic,synthetic-346,True,damage severity 0.5,0.3591242730617523,0.04892323315143584,5.571428571428571,sensor node 40 (~5.6 m up),0.01756952054134002,1134.2857142857142,87.8476027067001,False
synthetic,synthetic-660,True,damage severity 1.0,0.5007736682891846,0.03357160389423372,7.285714285714286,sensor node 53 (~7.3 m up),0.016811775232466894,1237.142857142857,84.05887616233447,False
synthetic,synthetic-220,True,damage severity 0.3,0.17881029844284058,0.09229995608329784,9.0,sensor node 64 (~9.0 m up),0.016504182693515567,1340.0,82.52091346757784,False
synthetic,synthetic-309,True,damage severity 0.5,0.4201219975948334,0.03916433602571485,7.285714285714286,sensor node 52 (~7.3 m up),0.01645379908559862,1237.142857142857,82.2689954279931,False
synthetic,synthetic-193,True,damage severity 0.3,0.3325411379337311,0.04929764568805696,7.285714285714286,sensor node 53 (~7.3 m up),0.01639349519456035,1237.142857142857,81.96747597280175,False
synthetic,synthetic-588,True,damage severity 0.7,0.3446475565433502,0.04738644659519194,2.142857142857143,sensor node 17 (~2.1 m up),0.01633162303230486,928.5714285714286,81.65811516152431,False
synthetic,synthetic-172,True,damage severity 0.3,0.22015513479709625,0.07121988385915756,7.285714285714286,sensor node 53 (~7.3 m up),0.015679423131246373,1237.142857142857,78.39711565623186,False
synthetic,synthetic-123,False,healthy,0.3303184509277344,0.04667885899543761,3.8571428571428568,sensor node 29 (~3.9 m up),0.01541888839444709,1031.4285714285713,77.09444197223544,False
synthetic,synthetic-578,True,damage severity 0.7,0.2789863348007202,0.05499152541160583,3.8571428571428568,sensor node 28 (~3.9 m up),0.015341884119684578,1031.4285714285713,76.7094205984229,False
synthetic,synthetic-91,False,healthy,0.2993585467338562,0.05111214965581895,5.571428571428571,sensor node 40 (~5.6 m up),0.01530085884140933,1134.2857142857142,76.50429420704666,False
synthetic,synthetic-540,True,damage severity 0.7,0.2925330698490143,0.052218352258205404,7.285714285714286,sensor node 51 (~7.3 m up),0.015275594888550034,1237.142857142857,76.37797444275017,False
synthetic,synthetic-468,True,damage severity 0.7,0.35990703105926514,0.04169499427080153,2.142857142857143,sensor node 15 (~2.1 m up),0.01500632159803725,928.5714285714286,75.03160799018625,False
synthetic,synthetic-222,True,damage severity 0.3,0.3984411656856537,0.0375116392970085,7.285714285714286,sensor node 53 (~7.3 m up),0.014946181288279842,1237.142857142857,74.73090644139921,False
synthetic,synthetic-269,True,damage severity 0.3,0.3344578146934509,0.04441083669662476,7.285714285714286,sensor node 52 (~7.3 m up),0.014853551390260834,1237.142857142857,74.26775695130416,False
synthetic,synthetic-742,True,damage severity 1.0,0.3332810401916504,0.04429916739463808,5.571428571428571,sensor node 41 (~5.6 m up),0.014764072588909022,1134.2857142857142,73.82036294454511,False
synthetic,synthetic-727,True,damage severity 1.0,0.29712942242622375,0.049666604399681076,0.42857142857142855,sensor node 5 (~0.4 m up),0.014757409479148982,825.7142857142857,73.7870473957449,False
synthetic,synthetic-420,True,damage severity 0.5,0.363073468208313,0.04061154425144194,5.571428571428571,sensor node 41 (~5.6 m up),0.014744974220666403,1134.2857142857142,73.72487110333202,False
synthetic,synthetic-245,True,damage severity 0.3,0.3862971365451813,0.037665030360221875,5.571428571428571,sensor node 41 (~5.6 m up),0.014549893376041028,1134.2857142857142,72.74946688020513,False
synthetic,synthetic-606,True,damage severity 1.0,0.3388884663581848,0.04280179142951964,3.8571428571428568,sensor node 29 (~3.9 m up),0.01450503345493281,1031.4285714285713,72.52516727466406,False
synthetic,synthetic-498,True,damage severity 0.7,0.4233487844467163,0.033745488524436956,2.142857142857143,sensor node 17 (~2.1 m up),0.014286111547381,928.5714285714286,71.430557736905,False
synthetic,synthetic-359,True,damage severity 0.5,0.48507726192474365,0.02849066108465191,7.285714285714286,sensor node 51 (~7.3 m up),0.013820171869368797,1237.142857142857,69.10085934684399,False
synthetic,synthetic-389,True,damage severity 0.5,0.34425103664398193,0.03984441459178923,2.142857142857143,sensor node 16 (~2.1 m up),0.013716481027696042,928.5714285714286,68.58240513848021,False
synthetic,synthetic-265,True,damage severity 0.3,0.33083677291870117,0.04130662679672242,5.571428571428571,sensor node 40 (~5.6 m up),0.013665751109584793,1134.2857142857142,68.32875554792396,False
synthetic,synthetic-656,True,damage severity 1.0,0.29658201336860657,0.04480917900800705,2.142857142857143,sensor node 17 (~2.1 m up),0.013289596527589032,928.5714285714286,66.44798263794516,False
synthetic,synthetic-187,True,damage severity 0.3,0.3018902540206909,0.04390732944011688,9.0,sensor node 64 (~9.0 m up),0.013255194838047046,1340.0,66.27597419023523,False
synthetic,synthetic-591,True,damage severity 0.7,0.30729472637176514,0.043100066483020776,0.42857142857142855,sensor node 4 (~0.4 m up),0.013244423136504755,825.7142857142857,66.22211568252378,False
synthetic,synthetic-447,True,damage severity 0.5,0.3167368769645691,0.04119521081447599,0.42857142857142855,sensor node 5 (~0.4 m up),0.013048042419274167,825.7142857142857,65.24021209637084,False
synthetic,synthetic-506,True,damage severity 0.7,0.3148972690105438,0.04105272889137266,2.142857142857143,sensor node 17 (~2.1 m up),0.0129273922133235,928.5714285714286,64.6369610666175,False
synthetic,synthetic-216,True,damage severity 0.3,0.38001149892807007,0.03400948420166971,7.285714285714286,sensor node 52 (~7.3 m up),0.012923995069247024,1237.142857142857,64.61997534623512,False
synthetic,synthetic-463,True,damage severity 0.7,0.3230098485946655,0.03984021246433259,3.8571428571428568,sensor node 28 (~3.9 m up),0.012868780996083377,1031.4285714285713,64.34390498041688,False
synthetic,synthetic-634,True,damage severity 1.0,0.17805510759353638,0.07184847593307499,3.8571428571428568,sensor node 28 (~3.9 m up),0.012792988112695277,1031.4285714285713,63.96494056347638,False
synthetic,synthetic-64,False,healthy,0.3371395170688629,0.03712798953056332,5.571428571428571,sensor node 40 (~5.6 m up),0.012517312460071917,1134.2857142857142,62.58656230035959,False
synthetic,synthetic-525,True,damage severity 0.7,0.3567258417606354,0.03486502468585965,0.42857142857142855,sensor node 5 (~0.4 m up),0.012437255279068615,825.7142857142857,62.18627639534307,False
synthetic,synthetic-624,True,damage severity 1.0,0.34426718950271606,0.0359088212251663,3.8571428571428568,sensor node 28 (~3.9 m up),0.01236222896154348,1031.4285714285713,61.8111448077174,False
synthetic,synthetic-162,True,damage severity 0.3,0.31143155694007874,0.039564076066017154,7.285714285714286,sensor node 53 (~7.3 m up),0.012321501808135427,1237.142857142857,61.60750904067714,False
synthetic,synthetic-118,False,healthy,0.29617464542388916,0.04159431457519532,7.285714285714286,sensor node 52 (~7.3 m up),0.01231918137095818,1237.142857142857,61.5959068547909,False
synthetic,synthetic-263,True,damage severity 0.3,0.3562394678592682,0.03375122547149657,0.42857142857142855,sensor node 3 (~0.4 m up),0.012023518601564115,825.7142857142857,60.117593007820574,False
synthetic,synthetic-288,True,damage severity 0.3,0.2551842927932739,0.046506223082542444,2.142857142857143,sensor node 17 (~2.1 m up),0.011867657647804826,928.5714285714286,59.33828823902413,False
synthetic,synthetic-375,True,damage severity 0.5,0.26661360263824463,0.043626704812049846,0.42857142857142855,sensor node 5 (~0.4 m up),0.011631472941175853,825.7142857142857,58.15736470587927,False
synthetic,synthetic-194,True,damage severity 0.3,0.32151997089385986,0.0361352041363716,2.142857142857143,sensor node 16 (~2.1 m up),0.01161818978216988,928.5714285714286,58.0909489108494,False
synthetic,synthetic-692,True,damage severity 1.0,0.36872151494026184,0.030654105544090256,3.8571428571428568,sensor node 29 (~3.9 m up),0.011302828235355639,1031.4285714285713,56.514141176778196,False
synthetic,synthetic-363,True,damage severity 0.5,0.19742748141288757,0.05645478218793873,5.571428571428571,sensor node 40 (~5.6 m up),0.01114572546107789,1134.2857142857142,55.72862730538945,False
synthetic,synthetic-409,True,damage severity 0.5,0.23222510516643524,0.04761798828840256,7.285714285714286,sensor node 53 (~7.3 m up),0.011058092338088367,1237.142857142857,55.29046169044183,False
synthetic,synthetic-182,True,damage severity 0.3,0.22017747163772583,0.049402942508459106,5.571428571428571,sensor node 41 (~5.6 m up),0.010877414972976455,1134.2857142857142,54.38707486488227,False
synthetic,synthetic-316,True,damage severity 0.5,0.282406210899353,0.03691951334476472,7.285714285714286,sensor node 51 (~7.3 m up),0.010426299871943103,1237.142857142857,52.13149935971551,False
synthetic,synthetic-372,True,damage severity 0.5,0.34208834171295166,0.03005937635898588,7.285714285714286,sensor node 53 (~7.3 m up),0.010282962211570983,1237.142857142857,51.41481105785491,False
synthetic,synthetic-39,False,healthy,0.3431965410709381,0.02990065217018127,0.42857142857142855,sensor node 4 (~0.4 m up),0.01026180040057145,825.7142857142857,51.309002002857255,False
synthetic,synthetic-738,True,damage severity 1.0,0.28881242871284485,0.03545326441526415,7.285714285714286,sensor node 53 (~7.3 m up),0.010239343401571116,1237.142857142857,51.19671700785558,False
synthetic,synthetic-674,True,damage severity 1.0,0.4340883493423462,0.023485808074474437,5.571428571428571,sensor node 41 (~5.6 m up),0.010194915660019755,1134.2857142857142,50.97457830009877,False
synthetic,synthetic-365,True,damage severity 0.5,0.34045708179473877,0.029528482258319826,0.42857142857142855,sensor node 5 (~0.4 m up),0.010053180899495286,825.7142857142857,50.26590449747643,False
synthetic,synthetic-274,True,damage severity 0.3,0.22259709239006042,0.04494498670101165,9.0,sensor node 63 (~9.0 m up),0.010004623357155127,1340.0,50.023116785775635,False
synthetic,synthetic-466,True,damage severity 0.7,0.31135427951812744,0.031826716661453265,0.42857142857142855,sensor node 4 (~0.4 m up),0.009909384435554364,825.7142857142857,49.54692217777182,False
synthetic,synthetic-641,True,damage severity 1.0,0.2475346475839615,0.03986854255199434,7.285714285714286,sensor node 53 (~7.3 m up),0.00986884563029409,1237.142857142857,49.34422815147045,False
synthetic,synthetic-694,True,damage severity 1.0,0.2945185899734497,0.03309226483106613,0.42857142857142855,sensor node 3 (~0.4 m up),0.009746287177073576,825.7142857142857,48.73143588536788,False
synthetic,synthetic-161,True,damage severity 0.3,0.5756567120552063,0.016682875156402543,7.285714285714286,sensor node 52 (~7.3 m up),0.009603609060162173,1237.142857142857,48.01804530081086,False
synthetic,synthetic-436,True,damage severity 0.5,0.3104037344455719,0.0308626279234886,2.142857142857143,sensor node 16 (~2.1 m up),0.009579874962255049,928.5714285714286,47.899374811275244,False
synthetic,synthetic-579,True,damage severity 0.7,0.2136089950799942,0.04481390118598937,5.571428571428571,sensor node 39 (~5.6 m up),0.00957265239795335,1134.2857142857142,47.86326198976675,False
synthetic,synthetic-595,True,damage severity 0.7,0.32274767756462097,0.029222244024276745,3.8571428571428568,sensor node 29 (~3.9 m up),0.009431411392061943,1031.4285714285713,47.15705696030971,False
synthetic,synthetic-159,True,damage severity 0.3,0.25713586807250977,0.036481054127216354,0.42857142857142855,sensor node 4 (~0.4 m up),0.009380587521201992,825.7142857142857,46.902937606009964,False
synthetic,synthetic-743,True,damage severity 1.0,0.26676762104034424,0.035137248039245644,5.571428571428571,sensor node 41 (~5.6 m up),0.009373480069334061,1134.2857142857142,46.86740034667031,False
synthetic,synthetic-460,True,damage severity 0.7,0.3089665472507477,0.030065631866455087,0.42857142857142855,sensor node 5 (~0.4 m up),0.00928927446869068,825.7142857142857,46.4463723434534,False
synthetic,synthetic-354,True,damage severity 0.5,0.2937012016773224,0.031374004483222966,3.8571428571428568,sensor node 29 (~3.9 m up),0.009214582818152284,1031.4285714285713,46.07291409076142,False
synthetic,synthetic-200,True,damage severity 0.3,0.39227402210235596,0.023466287553310414,7.285714285714286,sensor node 53 (~7.3 m up),0.00920521500234753,1237.142857142857,46.026075011737646,False
synthetic,synthetic-553,True,damage severity 0.7,0.23603343963623047,0.03837308585643769,0.42857142857142855,sensor node 3 (~0.4 m up),0.009057331444151375,825.7142857142857,45.28665722075688,False
synthetic,synthetic-204,True,damage severity 0.3,0.3402233421802521,0.02652189731597904,0.42857142857142855,sensor node 3 (~0.4 m up),0.009023368545803847,825.7142857142857,45.11684272901923,False
synthetic,synthetic-617,True,damage severity 1.0,0.17692680656909943,0.050772096961736735,7.285714285714286,sensor node 53 (~7.3 m up),0.008982944978256757,1237.142857142857,44.91472489128378,False
synthetic,synthetic-206,True,damage severity 0.3,0.30844151973724365,0.029111966490745537,5.571428571428571,sensor node 40 (~5.6 m up),0.008979339186945266,1134.2857142857142,44.89669593472633,False
synthetic,synthetic-440,True,damage severity 0.5,0.317476749420166,0.02822010666131974,9.0,sensor node 65 (~9.0 m up),0.008959227731126165,1340.0,44.79613865563083,False
synthetic,synthetic-565,True,damage severity 0.7,0.3144339323043823,0.028480529785156233,7.285714285714286,sensor node 53 (~7.3 m up),0.00895524497445876,1237.142857142857,44.776224872293795,False
synthetic,synthetic-549,True,damage severity 0.7,0.2799721360206604,0.031952501833438854,2.142857142857143,sensor node 17 (~2.1 m up),0.008945810189511943,928.5714285714286,44.72905094755971,False
synthetic,synthetic-724,True,damage severity 1.0,0.29136690497398376,0.030316029489040355,7.285714285714286,sensor node 53 (~7.3 m up),0.00883308768332171,1237.142857142857,44.16543841660855,False
synthetic,synthetic-629,True,damage severity 1.0,0.35623979568481445,0.02441800087690351,7.285714285714286,sensor node 53 (~7.3 m up),0.008698663643419726,1237.142857142857,43.49331821709863,False
synthetic,synthetic-276,True,damage severity 0.3,0.28999030590057373,0.029882818460464478,3.8571428571428568,sensor node 29 (~3.9 m up),0.008665727666521406,1031.4285714285713,43.32863833260703,False
synthetic,synthetic-418,True,damage severity 0.5,0.34656938910484314,0.02492638826370238,0.42857142857142855,sensor node 5 (~0.4 m up),0.008638723153141466,825.7142857142857,43.19361576570733,False
synthetic,synthetic-597,True,damage severity 0.7,0.3244405686855316,0.02620868384838103,5.571428571428571,sensor node 40 (~5.6 m up),0.008503160292268047,1134.2857142857142,42.51580146134024,False
synthetic,synthetic-611,True,damage severity 1.0,0.3255004584789276,0.02578349709510806,0.42857142857142855,sensor node 5 (~0.4 m up),0.008392540125647772,825.7142857142857,41.96270062823886,False
synthetic,synthetic-1,False,healthy,0.4011616110801697,0.020684339106082878,9.0,sensor node 63 (~9.0 m up),0.008297762799924764,1340.0,41.48881399962382,False
synthetic,synthetic-337,True,damage severity 0.5,0.5774366855621338,0.014215605705976426,9.0,sensor node 65 (~9.0 m up),0.008208612242117184,1340.0,41.043061210585925,False
synthetic,synthetic-398,True,damage severity 0.5,0.27893781661987305,0.028547297418117522,9.0,sensor node 65 (~9.0 m up),0.007962920812207841,1340.0,39.814604061039205,False
synthetic,synthetic-519,True,damage severity 0.7,0.29256972670555115,0.026746189594268797,7.285714285714286,sensor node 51 (~7.3 m up),0.007825125380010078,1237.142857142857,39.12562690005039,False
synthetic,synthetic-2,False,healthy,0.2801455855369568,0.02765503376722336,9.0,sensor node 63 (~9.0 m up),0.0077474356277631,1340.0,38.7371781388155,False
synthetic,synthetic-458,True,damage severity 0.7,0.24050641059875488,0.03181201070547107,7.285714285714286,sensor node 53 (~7.3 m up),0.007650992508702012,1237.142857142857,38.25496254351006,False
synthetic,synthetic-570,True,damage severity 0.7,0.27292606234550476,0.027548441290855402,2.142857142857143,sensor node 16 (~2.1 m up),0.007518687605269479,928.5714285714286,37.59343802634739,False
synthetic,synthetic-604,True,damage severity 1.0,0.22367781400680542,0.032756099104881344,5.571428571428571,sensor node 41 (~5.6 m up),0.007326812643170135,1134.2857142857142,36.634063215850674,False
synthetic,synthetic-102,False,healthy,0.3005496859550476,0.024135434627532978,9.0,sensor node 63 (~9.0 m up),0.007253897297693618,1340.0,36.26948648846809,False
synthetic,synthetic-450,True,damage severity 0.7,0.2710758149623871,0.02675792574882509,2.142857142857143,sensor node 16 (~2.1 m up),0.007253426529065803,928.5714285714286,36.26713264532901,False
synthetic,synthetic-415,True,damage severity 0.5,0.28789839148521423,0.024467217922210703,7.285714285714286,sensor node 53 (~7.3 m up),0.007044072683922667,1237.142857142857,35.220363419613335,False
synthetic,synthetic-368,True,damage severity 0.5,0.3135905861854553,0.022430163621902498,2.142857142857143,sensor node 17 (~2.1 m up),0.00703388815842808,928.5714285714286,35.1694407921404,False
synthetic,synthetic-603,True,damage severity 1.0,0.31341129541397095,0.022240534424781813,7.285714285714286,sensor node 53 (~7.3 m up),0.006970434704769883,1237.142857142857,34.852173523849416,False
synthetic,synthetic-616,True,damage severity 1.0,0.18319205939769745,0.03803928345441822,9.0,sensor node 64 (~9.0 m up),0.006968494674027632,1340.0,34.84247337013816,False
synthetic,synthetic-518,True,damage severity 0.7,0.2455105036497116,0.028254984319210055,2.142857142857143,sensor node 15 (~2.1 m up),0.006936895430823964,928.5714285714286,34.68447715411982,False
synthetic,synthetic-690,True,damage severity 1.0,0.24304907023906708,0.028057314455509182,5.571428571428571,sensor node 41 (~5.6 m up),0.006819304191816643,1134.2857142857142,34.096520959083215,False
synthetic,synthetic-350,True,damage severity 0.5,0.22898517549037933,0.029649794101715084,5.571428571428571,sensor node 39 (~5.6 m up),0.006789363305634843,1134.2857142857142,33.94681652817421,False
synthetic,synthetic-333,True,damage severity 0.5,0.2808285653591156,0.02412462681531909,2.142857142857143,sensor node 16 (~2.1 m up),0.00677488433837011,928.5714285714286,33.87442169185055,False
synthetic,synthetic-448,True,damage severity 0.5,0.2555635869503021,0.026023113727569602,2.142857142857143,sensor node 16 (~2.1 m up),0.006650560287833335,928.5714285714286,33.252801439166674,False
synthetic,synthetic-290,True,damage severity 0.3,0.2684199810028076,0.024555887281894697,2.142857142857143,sensor node 16 (~2.1 m up),0.00659129079771326,928.5714285714286,32.956453988566295,False
synthetic,synthetic-721,True,damage severity 1.0,0.27105414867401123,0.02320459187030793,0.42857142857142855,sensor node 4 (~0.4 m up),0.006289700894734198,825.7142857142857,31.44850447367099,False
synthetic,synthetic-464,True,damage severity 0.7,0.3358260989189148,0.018608318269252796,5.571428571428571,sensor node 41 (~5.6 m up),0.006249158931804739,1134.2857142857142,31.245794659023694,False
synthetic,synthetic-399,True,damage severity 0.5,0.20584708452224731,0.030132944136858002,2.142857142857143,sensor node 15 (~2.1 m up),0.0062027786986439655,928.5714285714286,31.01389349321983,False
synthetic,synthetic-623,True,damage severity 1.0,0.159811869263649,0.0382110819220543,5.571428571428571,sensor node 41 (~5.6 m up),0.006106584428549923,1134.2857142857142,30.532922142749616,False
synthetic,synthetic-414,True,damage severity 0.5,0.3166189193725586,0.019272156059741957,9.0,sensor node 64 (~9.0 m up),0.006101929225614805,1340.0,30.509646128074028,False
synthetic,synthetic-163,True,damage severity 0.3,0.30493178963661194,0.019397704303264582,5.571428571428571,sensor node 39 (~5.6 m up),0.005914976688036278,1134.2857142857142,29.574883440181388,False
synthetic,synthetic-152,True,damage severity 0.3,0.4361892342567444,0.013516789674758908,5.571428571428571,sensor node 41 (~5.6 m up),0.005895878137842557,1134.2857142857142,29.479390689212785,False
synthetic,synthetic-202,True,damage severity 0.3,0.30949634313583374,0.018595619499683344,0.42857142857142855,sensor node 5 (~0.4 m up),0.005755276233497397,825.7142857142857,28.776381167486985,False
synthetic,synthetic-583,True,damage severity 0.7,0.22097831964492798,0.025646366178989414,2.142857142857143,sensor node 17 (~2.1 m up),0.005667290903231593,928.5714285714286,28.336454516157964,False
synthetic,synthetic-485,True,damage severity 0.7,0.3091672658920288,0.018223586678504947,5.571428571428571,sensor node 39 (~5.6 m up),0.005634136468139773,1134.2857142857142,28.170682340698864,False
synthetic,synthetic-443,True,damage severity 0.5,0.3262826204299927,0.017191991209983805,5.571428571428571,sensor node 40 (~5.6 m up),0.005609447942402916,1134.2857142857142,28.04723971201458,False
synthetic,synthetic-98,False,healthy,0.23264721035957336,0.023863692581653596,3.8571428571428568,sensor node 27 (~3.9 m up),0.005551821508000154,1031.4285714285713,27.75910754000077,False
synthetic,synthetic-534,True,damage severity 0.7,0.2394186407327652,0.02281686663627626,9.0,sensor node 64 (~9.0 m up),0.0054627831958380425,1340.0,27.313915979190213,False
synthetic,synthetic-257,True,damage severity 0.3,0.20907551050186157,0.02607912719249725,0.42857142857142855,sensor node 5 (~0.4 m up),0.005452506831214342,825.7142857142857,27.262534156071712,False
synthetic,synthetic-697,True,damage severity 1.0,0.32812628149986267,0.016439823806285878,9.0,sensor node 63 (~9.0 m up),0.0053943382540695035,1340.0,26.971691270347517,False
synthetic,synthetic-164,True,damage severity 0.3,0.2370147705078125,0.022474433481693288,3.8571428571428568,sensor node 28 (~3.9 m up),0.005326772693956632,1031.4285714285713,26.63386346978316,False
synthetic,synthetic-380,True,damage severity 0.5,0.2980630695819855,0.017511966824531572,3.8571428571428568,sensor node 27 (~3.9 m up),0.0052196705861377755,1031.4285714285713,26.09835293068888,False
synthetic,synthetic-444,True,damage severity 0.5,0.2296188622713089,0.02236324101686477,3.8571428571428568,sensor node 29 (~3.9 m up),0.005135021958991557,1031.4285714285713,25.675109794957788,False
synthetic,synthetic-207,True,damage severity 0.3,0.3376283049583435,0.015122012794017781,3.8571428571428568,sensor node 27 (~3.9 m up),0.0051056195472026075,1031.4285714285713,25.528097736013038,False
synthetic,synthetic-701,True,damage severity 1.0,0.30811038613319397,0.016295909881591773,5.571428571428571,sensor node 41 (~5.6 m up),0.005020939086008972,1134.2857142857142,25.10469543004486,False
synthetic,synthetic-188,True,damage severity 0.3,0.4782097637653351,0.01045843809843061,7.285714285714286,sensor node 53 (~7.3 m up),0.005001327212404882,1237.142857142857,25.00663606202441,False
synthetic,synthetic-262,True,damage severity 0.3,0.21422335505485535,0.023327051103115108,3.8571428571428568,sensor node 28 (~3.9 m up),0.004997199150845383,1031.4285714285713,24.985995754226916,False
synthetic,synthetic-401,True,damage severity 0.5,0.27610617876052856,0.017718003690242755,7.285714285714286,sensor node 51 (~7.3 m up),0.004892050294177871,1237.142857142857,24.460251470889354,False
synthetic,synthetic-367,True,damage severity 0.5,0.2466336339712143,0.01978435963392261,5.571428571428571,sensor node 40 (~5.6 m up),0.0048794885123077366,1134.2857142857142,24.397442561538682,False
synthetic,synthetic-400,True,damage severity 0.5,0.2933002710342407,0.016299560666084265,2.142857142857143,sensor node 17 (~2.1 m up),0.004780665561101564,928.5714285714286,23.90332780550782,False
synthetic,synthetic-305,True,damage severity 0.5,0.27309465408325195,0.017439876496791844,7.285714285714286,sensor node 53 (~7.3 m up),0.0047627370391460045,1237.142857142857,23.813685195730024,False
synthetic,synthetic-496,True,damage severity 0.7,0.2336776852607727,0.020355877280235333,7.285714285714286,sensor node 53 (~7.3 m up),0.004756714284297746,1237.142857142857,23.78357142148873,False
synthetic,synthetic-672,True,damage severity 1.0,0.34623655676841736,0.013737133145332366,7.285714285714286,sensor node 53 (~7.3 m up),0.004756297680109178,1237.142857142857,23.78148840054589,False
synthetic,synthetic-52,False,healthy,0.23717443645000458,0.020051231980323797,0.42857142857142855,sensor node 4 (~0.4 m up),0.004755639645061606,825.7142857142857,23.778198225308028,False
synthetic,synthetic-307,True,damage severity 0.5,0.21194928884506226,0.022084452211856835,0.42857142857142855,sensor node 5 (~0.4 m up),0.004680783940835818,825.7142857142857,23.403919704179092,False
synthetic,synthetic-434,True,damage severity 0.5,0.2030257135629654,0.02228269279003144,5.571428571428571,sensor node 41 (~5.6 m up),0.004523959603800477,1134.2857142857142,22.619798019002385,False
synthetic,synthetic-266,True,damage severity 0.3,0.2695433497428894,0.016297142207622534,2.142857142857143,sensor node 16 (~2.1 m up),0.004392786301878806,928.5714285714286,21.96393150939403,False
synthetic,synthetic-644,True,damage severity 1.0,0.16806316375732422,0.025675964355468768,7.285714285714286,sensor node 53 (~7.3 m up),0.004315183802100367,1237.142857142857,21.575919010501835,False
synthetic,synthetic-547,True,damage severity 0.7,0.2573245167732239,0.0159414663910866,2.142857142857143,sensor node 16 (~2.1 m up),0.004102130135742948,928.5714285714286,20.51065067871474,False
synthetic,synthetic-192,True,damage severity 0.3,0.2575603425502777,0.015912257134914426,5.571428571428571,sensor node 41 (~5.6 m up),0.00409836639841666,1134.2857142857142,20.4918319920833,False
synthetic,synthetic-529,True,damage severity 0.7,0.22547078132629395,0.017998942732810965,5.571428571428571,sensor node 40 (~5.6 m up),0.004058235681014108,1134.2857142857142,20.291178405070543,False
synthetic,synthetic-515,True,damage severity 0.7,0.22314980626106262,0.017851774394512153,7.285714285714286,sensor node 53 (~7.3 m up),0.0039836199975515855,1237.142857142857,19.918099987757927,False
synthetic,synthetic-281,True,damage severity 0.3,0.21089623868465424,0.018851184844970722,2.142857142857143,sensor node 17 (~2.1 m up),0.003975643978553482,928.5714285714286,19.87821989276741,False
synthetic,synthetic-700,True,damage severity 1.0,0.2939509153366089,0.01350946128368374,0.42857142857142855,sensor node 4 (~0.4 m up),0.003971118510043315,825.7142857142857,19.855592550216574,False
synthetic,synthetic-347,True,damage severity 0.5,0.24142323434352875,0.016101217269897453,0.42857142857142855,sensor node 4 (~0.4 m up),0.003887207950166525,825.7142857142857,19.436039750832624,False
synthetic,synthetic-609,True,damage severity 1.0,0.30851948261260986,0.012412506341934188,3.8571428571428568,sensor node 28 (~3.9 m up),0.0038295000345392742,1031.4285714285713,19.147500172696372,False
synthetic,synthetic-87,False,healthy,0.1961366981267929,0.018361927568912514,0.42857142857142855,sensor node 4 (~0.4 m up),0.0036014478446098302,825.7142857142857,18.00723922304915,False
synthetic,synthetic-482,True,damage severity 0.7,0.2573864758014679,0.013972333073616073,0.42857142857142855,sensor node 5 (~0.4 m up),0.003596289568542333,825.7142857142857,17.981447842711663,False
synthetic,synthetic-424,True,damage severity 0.5,0.25806719064712524,0.013857410848140742,7.285714285714286,sensor node 53 (~7.3 m up),0.0035761430872226782,1237.142857142857,17.88071543611339,False
synthetic,synthetic-325,True,damage severity 0.5,0.1849232017993927,0.019216601550579096,3.8571428571428568,sensor node 28 (~3.9 m up),0.0035535954864362607,1031.4285714285713,17.767977432181304,False
synthetic,synthetic-640,True,damage severity 1.0,0.29202568531036377,0.012087437510490436,5.571428571428571,sensor node 39 (~5.6 m up),0.003529842222647167,1134.2857142857142,17.649211113235832,False
synthetic,synthetic-241,True,damage severity 0.3,0.2413392812013626,0.014538703858852404,2.142857142857143,sensor node 16 (~2.1 m up),0.003508760338894916,928.5714285714286,17.54380169447458,False
synthetic,synthetic-203,True,damage severity 0.3,0.17767365276813507,0.01955071538686754,7.285714285714286,sensor node 51 (~7.3 m up),0.003473647017014939,1237.142857142857,17.368235085074698,False
synthetic,synthetic-510,True,damage severity 0.7,0.21687109768390656,0.01588151454925539,0.42857142857142855,sensor node 5 (~0.4 m up),0.003444241493179949,825.7142857142857,17.221207465899745,False
synthetic,synthetic-408,True,damage severity 0.5,0.5671138167381287,0.005858603119850222,7.285714285714286,sensor node 53 (~7.3 m up),0.003322494776052168,1237.142857142857,16.61247388026084,False
synthetic,synthetic-11,False,healthy,0.28926292061805725,0.010393330454826355,7.285714285714286,sensor node 51 (~7.3 m up),0.0030064051223116727,1237.142857142857,15.032025611558364,False
synthetic,synthetic-746,True,damage severity 1.0,0.31424885988235474,0.009481313824653625,3.8571428571428568,sensor node 27 (~3.9 m up),0.0029794920595842098,1031.4285714285713,14.897460297921048,False
synthetic,synthetic-353,True,damage severity 0.5,0.16066387295722961,0.017550388723611848,5.571428571428571,sensor node 40 (~5.6 m up),0.002819713424240369,1134.2857142857142,14.098567121201846,False
synthetic,synthetic-376,True,damage severity 0.5,0.2327813059091568,0.011997658014297485,0.42857142857142855,sensor node 3 (~0.4 m up),0.0027928305004196294,825.7142857142857,13.964152502098147,False
synthetic,synthetic-552,True,damage severity 0.7,0.1347004622220993,0.020631621778011342,0.42857142857142855,sensor node 3 (~0.4 m up),0.002779088989889658,825.7142857142857,13.89544494944829,False
synthetic,synthetic-199,True,damage severity 0.3,0.2088220715522766,0.013270547986030593,2.142857142857143,sensor node 16 (~2.1 m up),0.0027711833210768005,928.5714285714286,13.855916605384003,False
synthetic,synthetic-541,True,damage severity 0.7,0.16495800018310547,0.016776071488857288,7.285714285714286,sensor node 53 (~7.3 m up),0.002767347203730711,1237.142857142857,13.836736018653555,False
synthetic,synthetic-191,True,damage severity 0.3,0.24499376118183136,0.011180512607097633,0.42857142857142855,sensor node 3 (~0.4 m up),0.002739155835553732,825.7142857142857,13.69577917776866,False
synthetic,synthetic-502,True,damage severity 0.7,0.3127700388431549,0.008451303839683526,5.571428571428571,sensor node 40 (~5.6 m up),0.0026433146302131207,1134.2857142857142,13.216573151065603,False
synthetic,synthetic-340,True,damage severity 0.5,0.35013702511787415,0.007465574145317082,3.8571428571428568,sensor node 29 (~3.9 m up),0.002613973922038239,1031.4285714285713,13.069869610191196,False
synthetic,synthetic-720,True,damage severity 1.0,0.22317764163017273,0.011497400701045992,5.571428571428571,sensor node 39 (~5.6 m up),0.002565962773336539,1134.2857142857142,12.829813866682695,False
synthetic,synthetic-554,True,damage severity 0.7,0.21282990276813507,0.011995364725589746,5.571428571428571,sensor node 41 (~5.6 m up),0.002552972308215583,1134.2857142857142,12.764861541077915,False
synthetic,synthetic-273,True,damage severity 0.3,0.2032763659954071,0.012494814395904535,0.42857142857142855,sensor node 4 (~0.4 m up),0.002539900464186572,825.7142857142857,12.69950232093286,False
synthetic,synthetic-707,True,damage severity 1.0,0.17517630755901337,0.014096875488758126,2.142857142857143,sensor node 17 (~2.1 m up),0.00246943859623981,928.5714285714286,12.34719298119905,False
synthetic,synthetic-272,True,damage severity 0.3,0.27456003427505493,0.008813517540693297,0.42857142857142855,sensor node 5 (~0.4 m up),0.0024198396780565497,825.7142857142857,12.099198390282748,False
synthetic,synthetic-741,True,damage severity 1.0,0.22985444962978363,0.01019772738218308,5.571428571428571,sensor node 41 (~5.6 m up),0.0023439930149062663,1134.2857142857142,11.71996507453133,False
synthetic,synthetic-396,True,damage severity 0.5,0.180926114320755,0.012555471062660232,3.8571428571428568,sensor node 28 (~3.9 m up),0.0022716125928337965,1031.4285714285713,11.358062964168983,False
synthetic,synthetic-413,True,damage severity 0.5,0.1810130774974823,0.012268580496311222,7.285714285714286,sensor node 53 (~7.3 m up),0.002220773512162883,1237.142857142857,11.103867560814415,False
synthetic,synthetic-232,True,damage severity 0.3,0.2151048183441162,0.01023855507373811,3.8571428571428568,sensor node 28 (~3.9 m up),0.0022023625292426656,1031.4285714285713,11.011812646213327,False
synthetic,synthetic-471,True,damage severity 0.7,0.3936225175857544,0.005566693842411048,7.285714285714286,sensor node 53 (~7.3 m up),0.0021911760448789534,1237.142857142857,10.955880224394766,False
synthetic,synthetic-335,True,damage severity 0.5,0.21097949147224426,0.01023515909910202,7.285714285714286,sensor node 52 (~7.3 m up),0.002159408661866058,1237.142857142857,10.79704330933029,False
synthetic,synthetic-608,True,damage severity 1.0,0.2380572408437729,0.008950397372245789,7.285714285714286,sensor node 53 (~7.3 m up),0.0021307069028921877,1237.142857142857,10.653534514460938,False
synthetic,synthetic-586,True,damage severity 0.7,0.20126186311244965,0.010473699867725375,0.42857142857142855,sensor node 3 (~0.4 m up),0.0021079563490590263,825.7142857142857,10.539781745295132,False
synthetic,synthetic-406,True,damage severity 0.5,0.23301686346530914,0.007973386347293865,0.42857142857142855,sensor node 4 (~0.4 m up),0.0018579334778435345,825.7142857142857,9.289667389217673,False
synthetic,synthetic-233,True,damage severity 0.3,0.23338110744953156,0.00790429115295413,7.285714285714286,sensor node 51 (~7.3 m up),0.0018447122228799693,1237.142857142857,9.223561114399846,False
synthetic,synthetic-356,True,damage severity 0.5,0.3873223066329956,0.004650615155696823,5.571428571428571,sensor node 40 (~5.6 m up),0.0018012869893668615,1134.2857142857142,9.006434946834307,False
synthetic,synthetic-560,True,damage severity 0.7,0.24303340911865234,0.007275679707527148,3.8571428571428568,sensor node 28 (~3.9 m up),0.0017682332429757221,1031.4285714285713,8.84116621487861,False
synthetic,synthetic-361,True,damage severity 0.5,0.26758691668510437,0.006079827249050128,7.285714285714286,sensor node 53 (~7.3 m up),0.001626882227551404,1237.142857142857,8.13441113775702,False
synthetic,synthetic-198,True,damage severity 0.3,0.25463470816612244,0.006345795094966887,3.8571428571428568,sensor node 27 (~3.9 m up),0.0016158596820889045,1031.4285714285713,8.079298410444522,False
synthetic,synthetic-607,True,damage severity 1.0,0.2559903860092163,0.006035539507865943,5.571428571428571,sensor node 41 (~5.6 m up),0.0015450400883924781,1134.2857142857142,7.72520044196239,False
synthetic,synthetic-567,True,damage severity 0.7,0.274850457906723,0.0055853858590125685,2.142857142857143,sensor node 16 (~2.1 m up),0.00153514586093534,928.5714285714286,7.6757293046767,False
synthetic,synthetic-678,True,damage severity 1.0,0.4059895873069763,0.003686657547950784,3.8571428571428568,sensor node 29 (~3.9 m up),0.0014967445764346881,1031.4285714285713,7.48372288217344,False
synthetic,synthetic-369,True,damage severity 0.5,0.20525039732456207,0.007170512527227393,3.8571428571428568,sensor node 27 (~3.9 m up),0.0014717505452341722,1031.4285714285713,7.358752726170861,False
synthetic,synthetic-427,True,damage severity 0.5,0.20262643694877625,0.0071941822767258145,5.571428571428571,sensor node 40 (~5.6 m up),0.0014577315214929867,1134.2857142857142,7.288657607464933,False
synthetic,synthetic-219,True,damage severity 0.3,0.20146065950393677,0.006690342724323299,5.571428571428571,sensor node 41 (~5.6 m up),0.001347840857549537,1134.2857142857142,6.739204287747684,False
synthetic,synthetic-383,True,damage severity 0.5,0.24097490310668945,0.005478988587856276,5.571428571428571,sensor node 39 (~5.6 m up),0.0013202987440813234,1134.2857142857142,6.601493720406617,False
synthetic,synthetic-181,True,damage severity 0.3,0.22045017778873444,0.005932930111885065,2.142857142857143,sensor node 15 (~2.1 m up),0.0013079154979731987,928.5714285714286,6.5395774898659935,False
synthetic,synthetic-735,True,damage severity 1.0,0.37600624561309814,0.003475579619407668,3.8571428571428568,sensor node 29 (~3.9 m up),0.0013068396440228777,1031.4285714285713,6.534198220114389,False
synthetic,synthetic-423,True,damage severity 0.5,0.33142268657684326,0.003843374550342554,7.285714285714286,sensor node 53 (~7.3 m up),0.0012737815189955962,1237.142857142857,6.368907594977981,False
synthetic,synthetic-244,True,damage severity 0.3,0.22364714741706848,0.005676753818988813,0.42857142857142855,sensor node 3 (~0.4 m up),0.0012695897982057975,825.7142857142857,6.3479489910289875,False
synthetic,synthetic-300,True,damage severity 0.5,0.20938228070735931,0.005564334988594054,5.571428571428571,sensor node 39 (~5.6 m up),0.001165073150531581,1134.2857142857142,5.8253657526579055,False
synthetic,synthetic-484,True,damage severity 0.7,0.23241373896598816,0.004630404710769639,3.8571428571428568,sensor node 28 (~3.9 m up),0.0010761696717556967,1031.4285714285713,5.380848358778484,False
synthetic,synthetic-238,True,damage severity 0.3,0.20522895455360413,0.005204117298126237,2.142857142857143,sensor node 16 (~2.1 m up),0.0010680355524687745,928.5714285714286,5.340177762343872,False
synthetic,synthetic-522,True,damage severity 0.7,0.20139725506305695,0.005210967361927051,0.42857142857142855,sensor node 3 (~0.4 m up),0.0010494745229152874,825.7142857142857,5.247372614576436,False
synthetic,synthetic-438,True,damage severity 0.5,0.1991221308708191,0.005245649814605717,3.8571428571428568,sensor node 28 (~3.9 m up),0.0010445249688864075,1031.4285714285713,5.222624844432038,False
synthetic,synthetic-749,True,damage severity 1.0,0.2516733407974243,0.0036657825112342895,0.42857142857142855,sensor node 5 (~0.4 m up),0.0009225797312391053,825.7142857142857,4.612898656195527,False
synthetic,synthetic-739,True,damage severity 1.0,0.1671435832977295,0.0054124623537064025,3.8571428571428568,sensor node 28 (~3.9 m up),0.0009046583522625511,1031.4285714285713,4.5232917613127555,False
synthetic,synthetic-379,True,damage severity 0.5,0.22056664526462555,0.0039551392197609255,0.42857142857142855,sensor node 3 (~0.4 m up),0.0008723717892572159,825.7142857142857,4.3618589462860795,False
synthetic,synthetic-185,True,damage severity 0.3,0.2550085783004761,0.002908377349376696,2.142857142857143,sensor node 17 (~2.1 m up),0.0007416611730258583,928.5714285714286,3.7083058651292915,False
synthetic,synthetic-285,True,damage severity 0.3,0.16907256841659546,0.004045456647872951,0.42857142857142855,sensor node 4 (~0.4 m up),0.0006839757458738704,825.7142857142857,3.419878729369352,False
synthetic,synthetic-654,True,damage severity 1.0,0.14268013834953308,0.004225152730941791,2.142857142857143,sensor node 15 (~2.1 m up),0.0006028453761986822,928.5714285714286,3.014226880993411,False
synthetic,synthetic-410,True,damage severity 0.5,0.19444458186626434,0.0029922232031822198,0.42857142857142855,sensor node 3 (~0.4 m up),0.0005818215895933009,825.7142857142857,2.9091079479665045,False
synthetic,synthetic-116,False,healthy,0.3662198781967163,0.001540991663932804,7.285714285714286,sensor node 53 (~7.3 m up),0.0005643417794676266,1237.142857142857,2.8217088973381332,False
synthetic,synthetic-651,True,damage severity 1.0,0.283294677734375,0.0018234506249427897,0.42857142857142855,sensor node 4 (~0.4 m up),0.0005165738571577123,825.7142857142857,2.5828692857885613,False
synthetic,synthetic-385,True,damage severity 0.5,0.21773749589920044,0.0022519916296005215,5.571428571428571,sensor node 41 (~5.6 m up),0.0004903430182151773,1134.2857142857142,2.4517150910758865,False
synthetic,synthetic-631,True,damage severity 1.0,0.17392928898334503,0.0027880877256393545,2.142857142857143,sensor node 17 (~2.1 m up),0.0004849301157436445,928.5714285714286,2.4246505787182224,False
synthetic,synthetic-613,True,damage severity 1.0,0.20322571694850922,0.0022942677140235985,3.8571428571428568,sensor node 28 (~3.9 m up),0.0004662542010542631,1031.4285714285713,2.3312710052713155,False
synthetic,synthetic-303,True,damage severity 0.5,0.2247721552848816,0.0019608572125435,3.8571428571428568,sensor node 29 (~3.9 m up),0.00044074610186930764,1031.4285714285713,2.203730509346538,False
synthetic,synthetic-258,True,damage severity 0.3,0.36114129424095154,0.0011836379766464163,0.42857142857142855,sensor node 5 (~0.4 m up),0.00042746055079882794,825.7142857142857,2.1373027539941396,False
synthetic,synthetic-291,True,damage severity 0.3,0.19501222670078278,0.0018391087651252597,5.571428571428571,sensor node 39 (~5.6 m up),0.0003586486954320038,1134.2857142857142,1.793243477160019,False
synthetic,synthetic-535,True,damage severity 0.7,0.24521231651306152,0.0014535814523696999,7.285714285714286,sensor node 53 (~7.3 m up),0.0003564360751759945,1237.142857142857,1.7821803758799726,False
synthetic,synthetic-110,False,healthy,0.23973573744297028,0.0014583200216293417,0.42857142857142855,sensor node 4 (~0.4 m up),0.0003496114258131586,825.7142857142857,1.748057129065793,False
synthetic,synthetic-184,True,damage severity 0.3,0.18565785884857178,0.0018770098686218093,0.42857142857142855,sensor node 4 (~0.4 m up),0.0003484816332459641,825.7142857142857,1.7424081662298205,False
synthetic,synthetic-54,False,healthy,0.19227150082588196,0.0016238033771514746,3.8571428571428568,sensor node 28 (~3.9 m up),0.00031221111237104965,1031.4285714285713,1.5610555618552482,False
LUMO,lumo-block-15,True,DAM4,0.3622322678565979,0.0006924237812169087,8.95,ML1 (~8.95 m up),0.0002508182365880416,1337.0,1.2540911829402082,False
synthetic,synthetic-425,True,damage severity 0.5,0.1771087348461151,0.0008436709642410161,2.142857142857143,sensor node 16 (~2.1 m up),0.0001494214971031284,928.5714285714286,0.7471074855156419,False
synthetic,synthetic-174,True,damage severity 0.3,0.23220308125019073,0.0005602031946182587,7.285714285714286,sensor node 53 (~7.3 m up),0.00013008090791655994,1237.142857142857,0.6504045395827998,False
LUMO,lumo-block-7,True,DAM6,1.1723148822784424,9.580018337411919e-05,8.0,ML2 (~8.00 m up),0.00011230798069448373,1280.0,0.5615399034724187,False
synthetic,synthetic-166,True,damage severity 0.3,0.15995748341083527,0.0006219908595085414,5.571428571428571,sensor node 41 (~5.6 m up),9.949209259152867e-05,1134.2857142857142,0.49746046295764335,False
LUMO,lumo-block-17,True,DAM4,0.17408522963523865,0.00016177258262375992,5.0,ML5 (~5.00 m up),2.8162217194742862e-05,1100.0,0.1408110859737143,False
synthetic,synthetic-655,True,damage severity 1.0,0.2412026971578598,0.0001046121120452713,5.571428571428571,sensor node 41 (~5.6 m up),2.5232723580699672e-05,1134.2857142857142,0.12616361790349837,False
LUMO,lumo-block-6,True,DAM6,0.09232176840305328,0.00022379233301460304,8.0,ML2 (~8.00 m up),2.0660903938953158e-05,1280.0,0.10330451969476578,False
LUMO,lumo-block-20,False,healthy,0.2628185451030731,6.799328787935059e-05,5.0,ML5 (~5.00 m up),1.786989699722534e-05,1100.0,0.08934948498612669,False
LUMO,lumo-block-18,True,DAM4,0.021411381661891937,6.684975009509476e-05,8.0,ML2 (~8.00 m up),1.4313455132881708e-06,1280.0,0.007156727566440854,False
LUMO,lumo-block-21,False,healthy,0.05814617872238159,-3.0073084615688467e-05,5.0,ML5 (~5.00 m up),-1.748634952797126e-06,1100.0,-0.00874317476398563,False
LUMO,lumo-block-2,False,healthy,0.05813325196504593,-3.616621261052592e-05,7.0,ML3 (~7.00 m up),-2.1024595503091245e-06,1220.0,-0.010512297751545623,False
LUMO,lumo-block-9,True,DAM6,0.024644512683153152,-0.00016425567807967306,5.0,ML5 (~5.00 m up),-4.048001141714424e-06,1100.0,-0.02024000570857212,False
LUMO,lumo-block-8,True,DAM6,0.1457688957452774,-4.0719003097436046e-05,8.0,ML2 (~8.00 m up),-5.935564117361783e-06,1280.0,-0.029677820586808915,False
synthetic,synthetic-679,True,damage severity 1.0,0.20810101926326752,-3.068000078198447e-05,3.8571428571428568,sensor node 28 (~3.9 m up),-6.384539433728812e-06,1031.4285714285713,-0.031922697168644064,False
LUMO,lumo-block-3,False,healthy,0.06110120564699173,-0.00011843083183475592,2.0,ML8 (~2.00 m up),-7.236266610879716e-06,920.0,-0.03618133305439858,False
LUMO,lumo-block-16,True,DAM4,0.12234910577535629,-8.878262432741249e-05,5.0,ML5 (~5.00 m up),-1.0862474694848312e-05,1100.0,-0.05431237347424156,False
LUMO,lumo-block-25,True,DAM3,0.2232392132282257,-5.453959271047895e-05,2.95,ML7 (~2.95 m up),-1.2175375766475195e-05,977.0,-0.060876878832375976,False
LUMO,lumo-block-29,True,DAM3,0.12228020280599594,-0.00012550209871796562,8.0,ML2 (~8.00 m up),-1.534642208381096e-05,1280.0,-0.0767321104190548,False
LUMO,lumo-block-28,True,DAM3,0.06672434508800507,-0.0002532103640635519,8.0,ML2 (~8.00 m up),-1.6895295711635832e-05,1280.0,-0.08447647855817916,False
LUMO,lumo-block-5,True,DAM6,0.22148454189300537,-0.0002696382214930217,8.0,ML2 (~8.00 m up),-5.972069796422662e-05,1280.0,-0.2986034898211331,False
synthetic,synthetic-504,True,damage severity 0.7,0.17526893317699432,-0.00038179606199265613,7.285714285714286,sensor node 51 (~7.3 m up),-6.691698847663043e-05,1237.142857142857,-0.3345849423831522,False
synthetic,synthetic-331,True,damage severity 0.5,0.32763218879699707,-0.00047037601470947517,7.285714285714286,sensor node 53 (~7.3 m up),-0.00015411032325687385,1237.142857142857,-0.7705516162843693,False
synthetic,synthetic-626,True,damage severity 1.0,0.2776627838611603,-0.0009621605277061497,5.571428571428571,sensor node 39 (~5.6 m up),-0.0002671561706442126,1134.2857142857142,-1.3357808532210629,False
synthetic,synthetic-693,True,damage severity 1.0,0.3051374852657318,-0.0011044740676879525,7.285714285714286,sensor node 53 (~7.3 m up),-0.0003370164395555155,1237.142857142857,-1.6850821977775776,False
synthetic,synthetic-473,True,damage severity 0.7,0.16378262639045715,-0.002281941473484001,7.285714285714286,sensor node 52 (~7.3 m up),-0.00037374236779651946,1237.142857142857,-1.8687118389825974,False
synthetic,synthetic-733,True,damage severity 1.0,0.23466427624225616,-0.0016689732670784026,2.142857142857143,sensor node 17 (~2.1 m up),-0.00039164840378662705,928.5714285714286,-1.9582420189331353,False
synthetic,synthetic-422,True,damage severity 0.5,0.26254773139953613,-0.0016553461551666378,0.42857142857142855,sensor node 5 (~0.4 m up),-0.00043460737771994527,825.7142857142857,-2.1730368885997264,False
synthetic,synthetic-544,True,damage severity 0.7,0.2263336181640625,-0.0021653339266777044,0.42857142857142855,sensor node 3 (~0.4 m up),-0.0004900878621583617,825.7142857142857,-2.4504393107918085,False
synthetic,synthetic-745,True,damage severity 1.0,0.20210927724838257,-0.002426913380622848,2.142857142857143,sensor node 17 (~2.1 m up),-0.0004905017093021127,928.5714285714286,-2.4525085465105634,False
synthetic,synthetic-326,True,damage severity 0.5,0.19592195749282837,-0.0025748759508132657,5.571428571428571,sensor node 41 (~5.6 m up),-0.0005044747365845427,1134.2857142857142,-2.5223736829227135,False
synthetic,synthetic-513,True,damage severity 0.7,0.21087944507598877,-0.0024602815508842513,7.285714285714286,sensor node 51 (~7.3 m up),-0.000518822808181164,1237.142857142857,-2.59411404090582,False
synthetic,synthetic-561,True,damage severity 0.7,0.18866939842700958,-0.0027929589152336036,2.142857142857143,sensor node 17 (~2.1 m up),-0.0005269458783684773,928.5714285714286,-2.634729391842386,False
synthetic,synthetic-653,True,damage severity 1.0,0.21955756843090057,-0.0026905581355095238,2.142857142857143,sensor node 15 (~2.1 m up),-0.0005907324019544485,928.5714285714286,-2.9536620097722426,False
synthetic,synthetic-441,True,damage severity 0.5,0.29036378860473633,-0.002088269591331485,0.42857142857142855,sensor node 5 (~0.4 m up),-0.0006063578701670744,825.7142857142857,-3.031789350835372,False
synthetic,synthetic-480,True,damage severity 0.7,0.16100624203681946,-0.004089242219924929,3.8571428571428568,sensor node 27 (~3.9 m up),-0.000658393522608414,1031.4285714285713,-3.2919676130420696,False
synthetic,synthetic-555,True,damage severity 0.7,0.16861805319786072,-0.0039281681180000205,3.8571428571428568,sensor node 27 (~3.9 m up),-0.0006623600606910679,1031.4285714285713,-3.3118003034553394,False
synthetic,synthetic-246,True,damage severity 0.3,0.23519717156887054,-0.0028510272502899267,5.571428571428571,sensor node 41 (~5.6 m up),-0.0006705535453339651,1134.2857142857142,-3.3527677266698257,False
synthetic,synthetic-514,True,damage severity 0.7,0.166578471660614,-0.004102794826030724,2.142857142857143,sensor node 15 (~2.1 m up),-0.0006834372916572727,928.5714285714286,-3.4171864582863636,False
synthetic,synthetic-539,True,damage severity 0.7,0.22135215997695923,-0.0034323304891586024,0.42857142857142855,sensor node 3 (~0.4 m up),-0.0007597537675300297,825.7142857142857,-3.7987688376501487,False
synthetic,synthetic-314,True,damage severity 0.5,0.18496647477149963,-0.0043923109769821184,3.8571428571428568,sensor node 27 (~3.9 m up),-0.0008124302775125439,1031.4285714285713,-4.06215138756272,False
synthetic,synthetic-283,True,damage severity 0.3,0.22100219130516052,-0.004227235913276669,7.285714285714286,sensor node 52 (~7.3 m up),-0.0009342283999980153,1237.142857142857,-4.671141999990077,False
synthetic,synthetic-635,True,damage severity 1.0,0.18337155878543854,-0.005345468223094895,7.285714285714286,sensor node 53 (~7.3 m up),-0.0009802068405069392,1237.142857142857,-4.901034202534696,False
synthetic,synthetic-227,True,damage severity 0.3,0.278584361076355,-0.003944146633148234,5.571428571428571,sensor node 40 (~5.6 m up),-0.0010987775697870576,1134.2857142857142,-5.493887848935288,False
synthetic,synthetic-234,True,damage severity 0.3,0.1790061593055725,-0.006441923975944527,2.142857142857143,sensor node 17 (~2.1 m up),-0.0011531440694723131,928.5714285714286,-5.765720347361566,False
synthetic,synthetic-472,True,damage severity 0.7,0.21835380792617798,-0.005426101386547074,2.142857142857143,sensor node 16 (~2.1 m up),-0.0011848098999460677,928.5714285714286,-5.924049499730339,False
synthetic,synthetic-545,True,damage severity 0.7,0.20420005917549133,-0.005828011035919159,2.142857142857143,sensor node 16 (~2.1 m up),-0.001190080198410109,928.5714285714286,-5.950400992050545,False
synthetic,synthetic-197,True,damage severity 0.3,0.18185487389564514,-0.00669517964124677,3.8571428571428568,sensor node 28 (~3.9 m up),-0.001217551049367622,1031.4285714285713,-6.08775524683811,False
synthetic,synthetic-728,True,damage severity 1.0,0.1861322522163391,-0.006547978520393351,5.571428571428571,sensor node 41 (~5.6 m up),-0.0012187899894650263,1134.2857142857142,-6.0939499473251315,False
synthetic,synthetic-405,True,damage severity 0.5,0.26914849877357483,-0.004591302573680871,3.8571428571428568,sensor node 29 (~3.9 m up),-0.001235742195121457,1031.4285714285713,-6.178710975607284,False
synthetic,synthetic-476,True,damage severity 0.7,0.20887616276741028,-0.006071074306964882,0.42857142857142855,sensor node 5 (~0.4 m up),-0.0012681027051146393,825.7142857142857,-6.340513525573197,False
synthetic,synthetic-196,True,damage severity 0.3,0.2007836550474167,-0.006582309305667891,2.142857142857143,sensor node 17 (~2.1 m up),-0.0013216201210446226,928.5714285714286,-6.608100605223113,False
synthetic,synthetic-677,True,damage severity 1.0,0.19717326760292053,-0.006802169978618604,7.285714285714286,sensor node 53 (~7.3 m up),-0.0013412060814747182,1237.142857142857,-6.706030407373591,False
synthetic,synthetic-470,True,damage severity 0.7,0.16622811555862427,-0.00836853384971617,7.285714285714286,sensor node 53 (~7.3 m up),-0.0013910856118268782,1237.142857142857,-6.955428059134391,False
synthetic,synthetic-311,True,damage severity 0.5,0.14340545237064362,-0.011808134615421288,5.571428571428571,sensor node 39 (~5.6 m up),-0.0016933508861779456,1134.2857142857142,-8.466754430889727,False
synthetic,synthetic-671,True,damage severity 1.0,0.1686186045408249,-0.010220119357109063,0.42857142857142855,sensor node 4 (~0.4 m up),-0.0017233022642364026,825.7142857142857,-8.616511321182013,False
synthetic,synthetic-341,True,damage severity 0.5,0.1628318428993225,-0.011112248897552458,0.42857142857142855,sensor node 5 (~0.4 m up),-0.0018094279667444316,825.7142857142857,-9.047139833722158,False
LUMO,lumo-block-19,True,DAM4,2.6123123168945312,-0.0007305684905666924,8.0,ML2 (~8.00 m up),-0.0019084730662424169,1280.0,-9.542365331212084,False
synthetic,synthetic-343,True,damage severity 0.5,0.3045988082885742,-0.0063830271363258485,3.8571428571428568,sensor node 29 (~3.9 m up),-0.001944262458998484,1031.4285714285713,-9.72131229499242,False
synthetic,synthetic-362,True,damage severity 0.5,0.20674891769886017,-0.009912696480751007,0.42857142857142855,sensor node 5 (~0.4 m up),-0.0020494392688725706,825.7142857142857,-10.247196344362854,False
synthetic,synthetic-546,True,damage severity 0.7,0.13208895921707153,-0.01584113240242005,0.42857142857142855,sensor node 4 (~0.4 m up),-0.0020924386918554925,825.7142857142857,-10.462193459277461,False
synthetic,synthetic-249,True,damage severity 0.3,0.19266968965530396,-0.011001756787300114,7.285714285714286,sensor node 53 (~7.3 m up),-0.002119705065872247,1237.142857142857,-10.598525329361234,False
synthetic,synthetic-524,True,damage severity 0.7,0.1904871165752411,-0.011238099634647385,7.285714285714286,sensor node 53 (~7.3 m up),-0.002140713195189251,1237.142857142857,-10.703565975946255,False
synthetic,synthetic-593,True,damage severity 0.7,0.16552850604057312,-0.013500484824180552,0.42857142857142855,sensor node 3 (~0.4 m up),-0.0022347150837700364,825.7142857142857,-11.173575418850183,False
synthetic,synthetic-481,True,damage severity 0.7,0.19823549687862396,-0.011511105298995988,3.8571428571428568,sensor node 29 (~3.9 m up),-0.002281909678568631,1031.4285714285713,-11.409548392843154,False
synthetic,synthetic-5,False,healthy,0.20129956305027008,-0.011385546624660467,7.285714285714286,sensor node 53 (~7.3 m up),-0.0022919055606326296,1237.142857142857,-11.459527803163148,False
synthetic,synthetic-442,True,damage severity 0.5,0.14144693315029144,-0.016348633170127847,3.8571428571428568,sensor node 27 (~3.9 m up),-0.002312464023113711,1031.4285714285713,-11.562320115568554,False
synthetic,synthetic-251,True,damage severity 0.3,0.24896590411663055,-0.00950584858655926,3.8571428571428568,sensor node 27 (~3.9 m up),-0.0023666321877485207,1031.4285714285713,-11.833160938742603,False
synthetic,synthetic-599,True,damage severity 0.7,0.23328153789043427,-0.010179995000362395,2.142857142857143,sensor node 15 (~2.1 m up),-0.002374804889401471,928.5714285714286,-11.874024447007356,False
synthetic,synthetic-572,True,damage severity 0.7,0.11563345789909363,-0.020582568645477282,5.571428571428571,sensor node 40 (~5.6 m up),-0.0023800335849220016,1134.2857142857142,-11.900167924610008,False
synthetic,synthetic-615,True,damage severity 1.0,0.2273981273174286,-0.010493937134742715,5.571428571428571,sensor node 40 (~5.6 m up),-0.002386301652627316,1134.2857142857142,-11.93150826313658,False
synthetic,synthetic-403,True,damage severity 0.5,0.1582888811826706,-0.015342953801155086,3.8571428571428568,sensor node 28 (~3.9 m up),-0.0024286189912222414,1031.4285714285713,-12.143094956111208,False
synthetic,synthetic-574,True,damage severity 0.7,0.277059406042099,-0.008875979483127572,7.285714285714286,sensor node 53 (~7.3 m up),-0.0024591736036371817,1237.142857142857,-12.295868018185908,False
synthetic,synthetic-596,True,damage severity 0.7,0.1413164734840393,-0.01775366514921187,3.8571428571428568,sensor node 29 (~3.9 m up),-0.0025088853503031122,1031.4285714285713,-12.54442675151556,False
synthetic,synthetic-429,True,damage severity 0.5,0.17172805964946747,-0.014853812754154188,3.8571428571428568,sensor node 29 (~3.9 m up),-0.002550816442667411,1031.4285714285713,-12.754082213337055,False
synthetic,synthetic-259,True,damage severity 0.3,0.2385566532611847,-0.010747307538986192,5.571428571428571,sensor node 40 (~5.6 m up),-0.002563841718069245,1134.2857142857142,-12.819208590346225,False
synthetic,synthetic-284,True,damage severity 0.3,0.18698686361312866,-0.013989819586277012,2.142857142857143,sensor node 17 (~2.1 m up),-0.0026159124869514555,928.5714285714286,-13.079562434757277,False
synthetic,synthetic-297,True,damage severity 0.3,0.21619920432567596,-0.013098426163196583,0.42857142857142855,sensor node 3 (~0.4 m up),-0.002831869314401718,825.7142857142857,-14.159346572008591,False
synthetic,synthetic-562,True,damage severity 0.7,0.3611632287502289,-0.007975542545318586,5.571428571428571,sensor node 41 (~5.6 m up),-0.002880472696702079,1134.2857142857142,-14.402363483510396,False
synthetic,synthetic-530,True,damage severity 0.7,0.19507569074630737,-0.014893476665020024,3.8571428571428568,sensor node 29 (~3.9 m up),-0.0029053552480427917,1031.4285714285713,-14.526776240213959,False
synthetic,synthetic-170,True,damage severity 0.3,0.28417378664016724,-0.01029947102069855,2.142857142857143,sensor node 16 (~2.1 m up),-0.0029268396803425753,928.5714285714286,-14.634198401712876,False
synthetic,synthetic-268,True,damage severity 0.3,0.2068597823381424,-0.014678658545017247,7.285714285714286,sensor node 53 (~7.3 m up),-0.0030364241116381816,1237.142857142857,-15.182120558190908,False
synthetic,synthetic-349,True,damage severity 0.5,0.32738155126571655,-0.009439669549465212,5.571428571428571,sensor node 39 (~5.6 m up),-0.003090373660539669,1134.2857142857142,-15.451868302698346,False
synthetic,synthetic-532,True,damage severity 0.7,0.1705191433429718,-0.01815627515316011,2.142857142857143,sensor node 15 (~2.1 m up),-0.0030959924854161457,928.5714285714286,-15.479962427080729,False
synthetic,synthetic-366,True,damage severity 0.5,0.4995651841163635,-0.006293106079101615,2.142857142857143,sensor node 15 (~2.1 m up),-0.0031438166970702047,928.5714285714286,-15.719083485351023,False
synthetic,synthetic-430,True,damage severity 0.5,0.199642151594162,-0.016019022464752213,7.285714285714286,sensor node 51 (~7.3 m up),-0.003198072111298348,1237.142857142857,-15.990360556491739,False
synthetic,synthetic-465,True,damage severity 0.7,0.1759757399559021,-0.018290109932422582,5.571428571428571,sensor node 41 (~5.6 m up),-0.0032186156292328583,1134.2857142857142,-16.09307814616429,False
synthetic,synthetic-208,True,damage severity 0.3,0.2617719769477844,-0.012355035543441775,7.285714285714286,sensor node 53 (~7.3 m up),-0.0032342020794668973,1237.142857142857,-16.171010397334488,False
synthetic,synthetic-355,True,damage severity 0.5,0.1831594705581665,-0.01786550879478457,2.142857142857143,sensor node 15 (~2.1 m up),-0.003272237132105009,928.5714285714286,-16.361185660525045,False
synthetic,synthetic-242,True,damage severity 0.3,0.2380092442035675,-0.013997581601142828,7.285714285714286,sensor node 53 (~7.3 m up),-0.003331553817565767,1237.142857142857,-16.657769087828836,False
synthetic,synthetic-493,True,damage severity 0.7,0.13090446591377258,-0.02545977234840395,5.571428571428571,sensor node 41 (~5.6 m up),-0.0033327979015540547,1134.2857142857142,-16.663989507770275,False
synthetic,synthetic-277,True,damage severity 0.3,0.1854810118675232,-0.018024374544620542,5.571428571428571,sensor node 41 (~5.6 m up),-0.0033431792288154457,1134.2857142857142,-16.715896144077227,False
synthetic,synthetic-293,True,damage severity 0.3,0.20593172311782837,-0.016504187881946554,5.571428571428571,sensor node 41 (~5.6 m up),-0.003398735849189636,1134.2857142857142,-16.99367924594818,False
synthetic,synthetic-253,True,damage severity 0.3,0.20482447743415833,-0.016800282895565052,0.42857142857142855,sensor node 4 (~0.4 m up),-0.0034411091648301403,825.7142857142857,-17.2055458241507,False
synthetic,synthetic-130,False,healthy,0.21405142545700073,-0.016087573766708347,0.42857142857142855,sensor node 5 (~0.4 m up),-0.003443568096908572,825.7142857142857,-17.21784048454286,False
synthetic,synthetic-719,True,damage severity 1.0,0.14569872617721558,-0.023813076317310337,5.571428571428571,sensor node 41 (~5.6 m up),-0.0034695348857929358,1134.2857142857142,-17.34767442896468,False
synthetic,synthetic-195,True,damage severity 0.3,0.1295105516910553,-0.027943572402000405,3.8571428571428568,sensor node 29 (~3.9 m up),-0.0036189874780020196,1031.4285714285713,-18.0949373900101,False
synthetic,synthetic-612,True,damage severity 1.0,0.2332964539527893,-0.015610384941101061,5.571428571428571,sensor node 40 (~5.6 m up),-0.0036418474515968993,1134.2857142857142,-18.209237257984498,False
synthetic,synthetic-167,True,damage severity 0.3,0.15429681539535522,-0.02361066639423368,0.42857142857142855,sensor node 5 (~0.4 m up),-0.0036430506339923912,825.7142857142857,-18.215253169961958,False
synthetic,synthetic-165,True,damage severity 0.3,0.20067457854747772,-0.01835546195507049,2.142857142857143,sensor node 15 (~2.1 m up),-0.003683474591878032,928.5714285714286,-18.41737295939016,False
synthetic,synthetic-248,True,damage severity 0.3,0.1376945674419403,-0.02706820666790008,5.571428571428571,sensor node 41 (~5.6 m up),-0.0037271450085655457,1134.2857142857142,-18.63572504282773,False
synthetic,synthetic-214,True,damage severity 0.3,0.30839285254478455,-0.012195102870464342,7.285714285714286,sensor node 52 (~7.3 m up),-0.0037608825612995885,1237.142857142857,-18.804412806497943,False
synthetic,synthetic-647,True,damage severity 1.0,0.17152592539787292,-0.021954245865345008,2.142857142857143,sensor node 16 (~2.1 m up),-0.003765722338465728,928.5714285714286,-18.82861169232864,False
synthetic,synthetic-491,True,damage severity 0.7,0.18063749372959137,-0.020865270495414732,5.571428571428571,sensor node 41 (~5.6 m up),-0.0037690501682817066,1134.2857142857142,-18.845250841408532,False
synthetic,synthetic-548,True,damage severity 0.7,0.1702388972043991,-0.022258840501308417,5.571428571428571,sensor node 39 (~5.6 m up),-0.003789320459991359,1134.2857142857142,-18.946602299956794,False
synthetic,synthetic-662,True,damage severity 1.0,0.1432708203792572,-0.027027232944965385,3.8571428571428568,sensor node 29 (~3.9 m up),-0.0038722138366064783,1031.4285714285713,-19.36106918303239,False
synthetic,synthetic-479,True,damage severity 0.7,0.1491180956363678,-0.026184372603893256,0.42857142857142855,sensor node 5 (~0.4 m up),-0.0039045637781256436,825.7142857142857,-19.52281889062822,False
synthetic,synthetic-492,True,damage severity 0.7,0.11049017310142517,-0.03571502119302746,5.571428571428571,sensor node 40 (~5.6 m up),-0.003946158873938673,1134.2857142857142,-19.730794369693367,False
synthetic,synthetic-289,True,damage severity 0.3,0.16642065346240997,-0.023761412501335143,3.8571428571428568,sensor node 28 (~3.9 m up),-0.003954389795662072,1031.4285714285713,-19.77194897831036,False
synthetic,synthetic-516,True,damage severity 0.7,0.14630374312400818,-0.027033257484436024,2.142857142857143,sensor node 15 (~2.1 m up),-0.0039550667588081,928.5714285714286,-19.7753337940405,False
synthetic,synthetic-189,True,damage severity 0.3,0.20483283698558807,-0.019408926367759705,5.571428571428571,sensor node 41 (~5.6 m up),-0.003975585450752606,1134.2857142857142,-19.877927253763026,False
synthetic,synthetic-581,True,damage severity 0.7,0.3828725516796112,-0.010430318117141736,0.42857142857142855,sensor node 4 (~0.4 m up),-0.003993482512340134,825.7142857142857,-19.967412561700673,False
synthetic,synthetic-150,True,damage severity 0.3,0.2639427185058594,-0.015354923903942119,3.8571428571428568,sensor node 29 (~3.9 m up),-0.004052820357657086,1031.4285714285713,-20.26410178828543,False
synthetic,synthetic-467,True,damage severity 0.7,0.22834308445453644,-0.017785933613777147,7.285714285714286,sensor node 51 (~7.3 m up),-0.004061294941273494,1237.142857142857,-20.30647470636747,False
synthetic,synthetic-564,True,damage severity 0.7,0.2768237888813019,-0.014692351222038245,5.571428571428571,sensor node 41 (~5.6 m up),-0.0040671923328594525,1134.2857142857142,-20.335961664297262,False
synthetic,synthetic-158,True,damage severity 0.3,0.17673712968826294,-0.023393163084983844,5.571428571428571,sensor node 39 (~5.6 m up),-0.004134440497969475,1134.2857142857142,-20.672202489847376,False
synthetic,synthetic-74,False,healthy,0.2787933945655823,-0.014901518821716343,5.571428571428571,sensor node 39 (~5.6 m up),-0.004154445016489215,1134.2857142857142,-20.772225082446074,False
synthetic,synthetic-295,True,damage severity 0.3,0.16173627972602844,-0.025687752664089195,3.8571428571428568,sensor node 28 (~3.9 m up),-0.004154641550412163,1031.4285714285713,-20.773207752060813,False
synthetic,synthetic-358,True,damage severity 0.5,0.17826469242572784,-0.02342356890439985,7.285714285714286,sensor node 53 (~7.3 m up),-0.004175595306255682,1237.142857142857,-20.87797653127841,False
synthetic,synthetic-209,True,damage severity 0.3,0.23187920451164246,-0.01804290413856503,2.142857142857143,sensor node 16 (~2.1 m up),-0.004183774258730281,928.5714285714286,-20.918871293651403,False
synthetic,synthetic-151,True,damage severity 0.3,0.14604800939559937,-0.028742465376853925,2.142857142857143,sensor node 15 (~2.1 m up),-0.004197779853411451,928.5714285714286,-20.988899267057256,False
synthetic,synthetic-317,True,damage severity 0.5,0.20821155607700348,-0.02019698321819307,7.285714285714286,sensor node 53 (~7.3 m up),-0.004205245303921104,1237.142857142857,-21.026226519605522,False
synthetic,synthetic-97,False,healthy,0.1337674856185913,-0.03148127049207685,3.8571428571428568,sensor node 28 (~3.9 m up),-0.004211170397803873,1031.4285714285713,-21.055851989019366,False
synthetic,synthetic-397,True,damage severity 0.5,0.1609514355659485,-0.026290433108806587,2.142857142857143,sensor node 16 (~2.1 m up),-0.0042314829505129626,928.5714285714286,-21.15741475256481,False
synthetic,synthetic-649,True,damage severity 1.0,0.2244015783071518,-0.018896204233169553,5.571428571428571,sensor node 40 (~5.6 m up),-0.00424033805393753,1134.2857142857142,-21.201690269687653,False
synthetic,synthetic-169,True,damage severity 0.3,0.183976948261261,-0.023379062116146092,2.142857142857143,sensor node 16 (~2.1 m up),-0.004301208501339016,928.5714285714286,-21.50604250669508,False
synthetic,synthetic-84,False,healthy,0.16654522716999054,-0.025984741747379296,9.0,sensor node 65 (~9.0 m up),-0.004327634717270822,1340.0,-21.63817358635411,False
synthetic,synthetic-213,True,damage severity 0.3,0.30895689129829407,-0.014448851346969585,5.571428571428571,sensor node 41 (~5.6 m up),-0.004464072194990892,1134.2857142857142,-22.320360974954458,False
synthetic,synthetic-374,True,damage severity 0.5,0.16181780397891998,-0.028162980079650863,2.142857142857143,sensor node 15 (~2.1 m up),-0.004557271589991171,928.5714285714286,-22.786357949955857,False
synthetic,synthetic-711,True,damage severity 1.0,0.24362677335739136,-0.01922056078910826,3.8571428571428568,sensor node 29 (~3.9 m up),-0.004682643207170041,1031.4285714285713,-23.413216035850205,False
synthetic,synthetic-620,True,damage severity 1.0,0.13344819843769073,-0.03510077297687528,5.571428571428571,sensor node 41 (~5.6 m up),-0.004684134917534385,1134.2857142857142,-23.420674587671925,False
synthetic,synthetic-388,True,damage severity 0.5,0.15058818459510803,-0.03123495131731029,2.142857142857143,sensor node 16 (~2.1 m up),-0.004703614614790335,928.5714285714286,-23.518073073951676,False
synthetic,synthetic-683,True,damage severity 1.0,0.19272483885288239,-0.024583040177822077,5.571428571428571,sensor node 40 (~5.6 m up),-0.004737762456784693,1134.2857142857142,-23.688812283923465,False
synthetic,synthetic-190,True,damage severity 0.3,0.2425931841135025,-0.019681040942668884,9.0,sensor node 65 (~9.0 m up),-0.004774486388950254,1340.0,-23.872431944751266,False
synthetic,synthetic-676,True,damage severity 1.0,0.14587749540805817,-0.03276599496603012,3.8571428571428568,sensor node 29 (~3.9 m up),-0.004779821280197515,1031.4285714285713,-23.899106400987577,False
synthetic,synthetic-669,True,damage severity 1.0,0.11448286473751068,-0.04212618917226789,0.42857142857142855,sensor node 3 (~0.4 m up),-0.004822726816915532,825.7142857142857,-24.11363408457766,False
synthetic,synthetic-600,True,damage severity 1.0,0.18709726631641388,-0.025790861248970013,5.571428571428571,sensor node 41 (~5.6 m up),-0.004825399635628221,1134.2857142857142,-24.126998178141108,False
synthetic,synthetic-148,False,healthy,0.17913059890270233,-0.027206748723983716,3.8571428571428568,sensor node 28 (~3.9 m up),-0.0048735611931225355,1031.4285714285713,-24.36780596561268,False
synthetic,synthetic-744,True,damage severity 1.0,0.22039858996868134,-0.02235112339258192,0.42857142857142855,sensor node 3 (~0.4 m up),-0.004926156079941064,825.7142857142857,-24.630780399705323,False
synthetic,synthetic-658,True,damage severity 1.0,0.143376886844635,-0.03436869084835052,3.8571428571428568,sensor node 29 (~3.9 m up),-0.004927675898762196,1031.4285714285713,-24.63837949381098,False
synthetic,synthetic-489,True,damage severity 0.7,0.19202584028244019,-0.025854586064815503,3.8571428571428568,sensor node 29 (~3.9 m up),-0.004964748614250865,1031.4285714285713,-24.823743071254327,False
synthetic,synthetic-419,True,damage severity 0.5,0.11655076593160629,-0.042870464175939565,7.285714285714286,sensor node 52 (~7.3 m up),-0.0049965854355492455,1237.142857142857,-24.982927177746227,False
synthetic,synthetic-536,True,damage severity 0.7,0.16927778720855713,-0.02972515523433686,0.42857142857142855,sensor node 3 (~0.4 m up),-0.005031808502499403,825.7142857142857,-25.159042512497013,False
synthetic,synthetic-136,False,healthy,0.13290755450725555,-0.037865149974822994,0.42857142857142855,sensor node 5 (~0.4 m up),-0.005032564484204193,825.7142857142857,-25.162822421020966,False
synthetic,synthetic-210,True,damage severity 0.3,0.2737562954425812,-0.018448336422443413,0.42857142857142855,sensor node 5 (~0.4 m up),-0.00505034823608655,825.7142857142857,-25.251741180432752,False
synthetic,synthetic-520,True,damage severity 0.7,0.18989723920822144,-0.026731276512145984,5.571428571428571,sensor node 41 (~5.6 m up),-0.005076195610168097,1134.2857142857142,-25.380978050840486,False
synthetic,synthetic-173,True,damage severity 0.3,0.1523718237876892,-0.033334113657474476,0.42857142857142855,sensor node 4 (~0.4 m up),-0.005079179692335505,825.7142857142857,-25.395898461677525,False
synthetic,synthetic-384,True,damage severity 0.5,0.2259243130683899,-0.022494018077850318,7.285714285714286,sensor node 53 (~7.3 m up),-0.005081945582386277,1237.142857142857,-25.409727911931387,False
synthetic,synthetic-737,True,damage severity 1.0,0.23812277615070343,-0.02162237465381624,5.571428571428571,sensor node 41 (~5.6 m up),-0.005148779879537328,1134.2857142857142,-25.743899397686643,False
synthetic,synthetic-132,False,healthy,0.33835363388061523,-0.015254122018814084,3.8571428571428568,sensor node 28 (~3.9 m up),-0.005161287616724052,1031.4285714285713,-25.806438083620257,False
synthetic,synthetic-689,True,damage severity 1.0,0.2035415768623352,-0.02651532590389252,3.8571428571428568,sensor node 29 (~3.9 m up),-0.005396971245497007,1031.4285714285713,-26.984856227485032,False
synthetic,synthetic-568,True,damage severity 0.7,0.13176566362380981,-0.042145654559135444,2.142857142857143,sensor node 16 (~2.1 m up),-0.005553350141844327,928.5714285714286,-27.766750709221636,False
synthetic,synthetic-85,False,healthy,0.20644791424274445,-0.026962007582187638,0.42857142857142855,sensor node 4 (~0.4 m up),-0.005566250229139699,825.7142857142857,-27.8312511456985,False
synthetic,synthetic-475,True,damage severity 0.7,0.4005802869796753,-0.013932156562805111,7.285714285714286,sensor node 53 (~7.3 m up),-0.005580947274174238,1237.142857142857,-27.90473637087119,False
synthetic,synthetic-682,True,damage severity 1.0,0.21504998207092285,-0.026313842833042146,5.571428571428571,sensor node 41 (~5.6 m up),-0.005658791429462795,1134.2857142857142,-28.293957147313975,False
synthetic,synthetic-417,True,damage severity 0.5,0.169294536113739,-0.03343685418367385,0.42857142857142855,sensor node 3 (~0.4 m up),-0.005660676718127798,825.7142857142857,-28.303383590638987,False
synthetic,synthetic-308,True,damage severity 0.5,0.16503719985485077,-0.034385392069816584,5.571428571428571,sensor node 39 (~5.6 m up),-0.00567486882311372,1134.2857142857142,-28.3743441155686,False
synthetic,synthetic-706,True,damage severity 1.0,0.2339038848876953,-0.02449277341365812,0.42857142857142855,sensor node 3 (~0.4 m up),-0.005728954853128693,825.7142857142857,-28.644774265643466,False
synthetic,synthetic-352,True,damage severity 0.5,0.27526968717575073,-0.021199510991573356,3.8571428571428568,sensor node 29 (~3.9 m up),-0.005835582758929287,1031.4285714285713,-29.177913794646436,False
synthetic,synthetic-722,True,damage severity 1.0,0.24792051315307617,-0.02415927946567533,0.42857142857142855,sensor node 4 (~0.4 m up),-0.005989580962538803,825.7142857142857,-29.947904812694016,False
synthetic,synthetic-668,True,damage severity 1.0,0.22567936778068542,-0.02664803713560104,2.142857142857143,sensor node 17 (~2.1 m up),-0.00601391217335867,928.5714285714286,-30.06956086679335,False
synthetic,synthetic-705,True,damage severity 1.0,0.12131263315677643,-0.04970510452985765,3.8571428571428568,sensor node 28 (~3.9 m up),-0.0060298571118498475,1031.4285714285713,-30.149285559249236,False
synthetic,synthetic-726,True,damage severity 1.0,0.16671156883239746,-0.03641271591186524,2.142857142857143,sensor node 15 (~2.1 m up),-0.006070420995115456,928.5714285714286,-30.35210497557728,False
synthetic,synthetic-551,True,damage severity 0.7,0.2513684034347534,-0.024236938357353237,7.285714285714286,sensor node 52 (~7.3 m up),-0.006092400499034418,1237.142857142857,-30.462002495172094,False
synthetic,synthetic-147,False,healthy,0.22066327929496765,-0.02763356566429137,7.285714285714286,sensor node 53 (~7.3 m up),-0.006097713218095355,1237.142857142857,-30.488566090476777,False
synthetic,synthetic-294,True,damage severity 0.3,0.2194221019744873,-0.027963459491729712,5.571428571428571,sensor node 40 (~5.6 m up),-0.006135801060153762,1134.2857142857142,-30.67900530076881,False
synthetic,synthetic-344,True,damage severity 0.5,0.1546344757080078,-0.03996956199407571,7.285714285714286,sensor node 53 (~7.3 m up),-0.006180672263232613,1237.142857142857,-30.903361316163064,False
synthetic,synthetic-618,True,damage severity 1.0,0.17903059720993042,-0.03454861640930172,3.8571428571428568,sensor node 28 (~3.9 m up),-0.0061852594285340895,1031.4285714285713,-30.926297142670446,False
synthetic,synthetic-703,True,damage severity 1.0,0.19334496557712555,-0.03217307478189469,9.0,sensor node 64 (~9.0 m up),-0.0062205020362157155,1340.0,-31.10251018107858,False
synthetic,synthetic-342,True,damage severity 0.5,0.40415751934051514,-0.015447288751602199,3.8571428571428568,sensor node 29 (~3.9 m up),-0.0062431379023841875,1031.4285714285713,-31.21568951192094,False
synthetic,synthetic-287,True,damage severity 0.3,0.2627522945404053,-0.023885954916477117,5.571428571428571,sensor node 41 (~5.6 m up),-0.006276089461593037,1134.2857142857142,-31.380447307965184,False
synthetic,synthetic-211,True,damage severity 0.3,0.1849401593208313,-0.034462022781372066,9.0,sensor node 65 (~9.0 m up),-0.006373411983705068,1340.0,-31.86705991852534,False
synthetic,synthetic-461,True,damage severity 0.7,0.243386909365654,-0.026231242716312414,0.42857142857142855,sensor node 4 (~0.4 m up),-0.006384341093543601,825.7142857142857,-31.921705467718002,False
synthetic,synthetic-226,True,damage severity 0.3,0.1552513986825943,-0.041240844130516076,7.285714285714286,sensor node 53 (~7.3 m up),-0.00640269873411348,1237.142857142857,-32.0134936705674,False
synthetic,synthetic-469,True,damage severity 0.7,0.2247346043586731,-0.028955012559890712,0.42857142857142855,sensor node 5 (~0.4 m up),-0.0065071932918474495,825.7142857142857,-32.53596645923725,False
synthetic,synthetic-610,True,damage severity 1.0,0.20173563063144684,-0.03241894990205761,3.8571428571428568,sensor node 28 (~3.9 m up),-0.006540057302900874,1031.4285714285713,-32.70028651450437,False
synthetic,synthetic-339,True,damage severity 0.5,0.27537715435028076,-0.023836387693881994,5.571428571428571,sensor node 41 (~5.6 m up),-0.006563996613131275,1134.2857142857142,-32.81998306565637,False
synthetic,synthetic-478,True,damage severity 0.7,0.3372921347618103,-0.019608479738235506,3.8571428571428568,sensor node 28 (~3.9 m up),-0.006613785990343157,1031.4285714285713,-33.06892995171579,False
synthetic,synthetic-710,True,damage severity 1.0,0.2630624771118164,-0.025146391987800595,5.571428571428571,sensor node 41 (~5.6 m up),-0.006615072166735557,1134.2857142857142,-33.075360833677784,False
synthetic,synthetic-156,True,damage severity 0.3,0.493597149848938,-0.013526529073715265,7.285714285714286,sensor node 53 (~7.3 m up),-0.006676656198134651,1237.142857142857,-33.383280990673256,False
synthetic,synthetic-723,True,damage severity 1.0,0.2011600136756897,-0.03369879126548766,0.42857142857142855,sensor node 5 (~0.4 m up),-0.00677884931181971,825.7142857142857,-33.89424655909855,False
synthetic,synthetic-645,True,damage severity 1.0,0.26333796977996826,-0.026134034991264335,0.42857142857142855,sensor node 5 (~0.4 m up),-0.0068820837167582,825.7142857142857,-34.410418583791,False
synthetic,synthetic-433,True,damage severity 0.5,0.27224820852279663,-0.025287128984928138,5.571428571428571,sensor node 40 (~5.6 m up),-0.00688437556483157,1134.2857142857142,-34.42187782415785,False
synthetic,synthetic-301,True,damage severity 0.5,0.28450554609298706,-0.02423203587532041,0.42857142857142855,sensor node 4 (~0.4 m up),-0.0068941485996528865,825.7142857142857,-34.470742998264434,False
synthetic,synthetic-431,True,damage severity 0.5,0.1884641796350479,-0.03716053217649465,2.142857142857143,sensor node 17 (~2.1 m up),-0.007003429211444865,928.5714285714286,-35.01714605722432,False
synthetic,synthetic-664,True,damage severity 1.0,0.2853442430496216,-0.02461828738451006,5.571428571428571,sensor node 40 (~5.6 m up),-0.007024686578911071,1134.2857142857142,-35.12343289455535,False
synthetic,synthetic-432,True,damage severity 0.5,0.2891347110271454,-0.024360753595828986,7.285714285714286,sensor node 53 (~7.3 m up),-0.007043539451333507,1237.142857142857,-35.217697256667535,False
synthetic,synthetic-667,True,damage severity 1.0,0.23397499322891235,-0.03015703856945033,7.285714285714286,sensor node 53 (~7.3 m up),-0.00705599289509119,1237.142857142857,-35.27996447545595,False
synthetic,synthetic-129,False,healthy,0.1681566834449768,-0.042279455065727195,3.8571428571428568,sensor node 28 (~3.9 m up),-0.007109572941713609,1031.4285714285713,-35.54786470856804,False
synthetic,synthetic-370,True,damage severity 0.5,0.27958589792251587,-0.025743870437145183,5.571428571428571,sensor node 41 (~5.6 m up),-0.0071976231321701474,1134.2857142857142,-35.98811566085074,False
synthetic,synthetic-421,True,damage severity 0.5,0.21760287880897522,-0.03365668505430219,5.571428571428571,sensor node 39 (~5.6 m up),-0.0073237915589831675,1134.2857142857142,-36.618957794915836,False
synthetic,synthetic-526,True,damage severity 0.7,0.15574662387371063,-0.048235999047756196,2.142857142857143,sensor node 17 (~2.1 m up),-0.007512594000863549,928.5714285714286,-37.56297000431774,False
synthetic,synthetic-16,False,healthy,0.18335510790348053,-0.04119623601436618,3.8571428571428568,sensor node 29 (~3.9 m up),-0.0075535402996313615,1031.4285714285713,-37.76770149815681,False
synthetic,synthetic-201,True,damage severity 0.3,0.1915103793144226,-0.039969082176685315,5.571428571428571,sensor node 40 (~5.6 m up),-0.007654494088506333,1134.2857142857142,-38.27247044253166,False
synthetic,synthetic-435,True,damage severity 0.5,0.22266806662082672,-0.034707851707935326,7.285714285714286,sensor node 53 (~7.3 m up),-0.0077283302363683175,1237.142857142857,-38.64165118184159,False
synthetic,synthetic-454,True,damage severity 0.7,0.17252296209335327,-0.04541083872318268,5.571428571428571,sensor node 41 (~5.6 m up),-0.007834412407667024,1134.2857142857142,-39.17206203833512,False
synthetic,synthetic-571,True,damage severity 0.7,0.20371903479099274,-0.03898074775934218,0.42857142857142855,sensor node 3 (~0.4 m up),-0.007941120308964341,825.7142857142857,-39.705601544821704,False
synthetic,synthetic-686,True,damage severity 1.0,0.219113290309906,-0.03663564920425415,2.142857142857143,sensor node 17 (~2.1 m up),-0.008027357639783616,928.5714285714286,-40.136788198918076,False
synthetic,synthetic-221,True,damage severity 0.3,0.14269666373729706,-0.05638512670993805,7.285714285714286,sensor node 52 (~7.3 m up),-0.008045969465912916,1237.142857142857,-40.22984732956458,False
synthetic,synthetic-657,True,damage severity 1.0,0.1587492674589157,-0.05094722062349322,5.571428571428571,sensor node 40 (~5.6 m up),-0.00808783395304731,1134.2857142857142,-40.43916976523655,False
synthetic,synthetic-224,True,damage severity 0.3,0.17361316084861755,-0.04729257971048348,5.571428571428571,sensor node 41 (~5.6 m up),-0.008210614248222236,1134.2857142857142,-41.05307124111118,False
synthetic,synthetic-659,True,damage severity 1.0,0.3740817606449127,-0.022044959664344867,2.142857142857143,sensor node 17 (~2.1 m up),-0.008246617324584211,928.5714285714286,-41.23308662292106,False
synthetic,synthetic-577,True,damage severity 0.7,0.36894193291664124,-0.022641623020172127,5.571428571428571,sensor node 41 (~5.6 m up),-0.008353444161432225,1134.2857142857142,-41.767220807161124,False
synthetic,synthetic-725,True,damage severity 1.0,0.16038206219673157,-0.05417834967374796,7.285714285714286,sensor node 52 (~7.3 m up),-0.008689235447091317,1237.142857142857,-43.44617723545659,False
synthetic,synthetic-329,True,damage severity 0.5,0.2394327074289322,-0.036421947181224844,3.8571428571428568,sensor node 29 (~3.9 m up),-0.00872060542343423,1031.4285714285713,-43.60302711717115,False
synthetic,synthetic-168,True,damage severity 0.3,0.21252688765525818,-0.04184850752353664,7.285714285714286,sensor node 52 (~7.3 m up),-0.008893933056994898,1237.142857142857,-44.46966528497449,False
synthetic,synthetic-731,True,damage severity 1.0,0.2560538053512573,-0.03479814827442167,5.571428571428571,sensor node 41 (~5.6 m up),-0.008910198284842956,1134.2857142857142,-44.55099142421478,False
synthetic,synthetic-643,True,damage severity 1.0,0.24156968295574188,-0.03713281303644181,7.285714285714286,sensor node 53 (~7.3 m up),-0.008970161872468086,1237.142857142857,-44.850809362340435,False
synthetic,synthetic-328,True,damage severity 0.5,0.19372136890888214,-0.04634802192449571,5.571428571428571,sensor node 40 (~5.6 m up),-0.008978602253432192,1134.2857142857142,-44.893011267160965,False
synthetic,synthetic-180,True,damage severity 0.3,0.21160642802715302,-0.042500172555446615,0.42857142857142855,sensor node 5 (~0.4 m up),-0.008993309704995699,825.7142857142857,-44.96654852497849,False
synthetic,synthetic-474,True,damage severity 0.7,0.2987779676914215,-0.030202576518058685,9.0,sensor node 64 (~9.0 m up),-0.009023864431110223,1340.0,-45.11932215555112,False
synthetic,synthetic-699,True,damage severity 1.0,0.15196901559829712,-0.06052932888269424,5.571428571428571,sensor node 41 (~5.6 m up),-0.009198582525128616,1134.2857142857142,-45.99291262564308,False
synthetic,synthetic-621,True,damage severity 1.0,0.18358227610588074,-0.05014564990997312,0.42857142857142855,sensor node 3 (~0.4 m up),-0.00920585254728152,825.7142857142857,-46.029262736407595,False
synthetic,synthetic-230,True,damage severity 0.3,0.223735973238945,-0.04273951351642606,0.42857142857142855,sensor node 5 (~0.4 m up),-0.00956236665235663,825.7142857142857,-47.81183326178315,False
synthetic,synthetic-457,True,damage severity 0.7,0.27329716086387634,-0.03532192409038533,7.285714285714286,sensor node 53 (~7.3 m up),-0.009653381570151668,1237.142857142857,-48.266907850758344,False
synthetic,synthetic-402,True,damage severity 0.5,0.26506125926971436,-0.03656264394521711,5.571428571428571,sensor node 41 (~5.6 m up),-0.009691340446349445,1134.2857142857142,-48.45670223174722,False
synthetic,synthetic-715,True,damage severity 1.0,0.13486681878566742,-0.07188376486301425,2.142857142857143,sensor node 16 (~2.1 m up),-0.00969473468941167,928.5714285714286,-48.47367344705835,False
synthetic,synthetic-449,True,damage severity 0.5,0.20142762362957,-0.04876141324639319,2.142857142857143,sensor node 16 (~2.1 m up),-0.009821895595040417,928.5714285714286,-49.10947797520208,False
synthetic,synthetic-499,True,damage severity 0.7,0.1438208669424057,-0.06847380250692366,3.8571428571428568,sensor node 27 (~3.9 m up),-0.009847961639388832,1031.4285714285713,-49.23980819694416,False
synthetic,synthetic-154,True,damage severity 0.3,0.16602924466133118,-0.060281670093536355,5.571428571428571,sensor node 41 (~5.6 m up),-0.010008520152553399,1134.2857142857142,-50.042600762766995,False
synthetic,synthetic-426,True,damage severity 0.5,0.14204661548137665,-0.07051011174917218,5.571428571428571,sensor node 41 (~5.6 m up),-0.01001572273118356,1134.2857142857142,-50.0786136559178,False
synthetic,synthetic-663,True,damage severity 1.0,0.18066175282001495,-0.056230555474758144,3.8571428571428568,sensor node 29 (~3.9 m up),-0.010158710714112895,1031.4285714285713,-50.79355357056448,False
synthetic,synthetic-556,True,damage severity 0.7,0.12907478213310242,-0.07987582385540007,5.571428571428571,sensor node 40 (~5.6 m up),-0.01030995456183783,1134.2857142857142,-51.54977280918915,False
synthetic,synthetic-488,True,damage severity 0.7,0.12767277657985687,-0.08129857629537583,3.8571428571428568,sensor node 27 (~3.9 m up),-0.010379614967619967,1031.4285714285713,-51.89807483809984,False
synthetic,synthetic-729,True,damage severity 1.0,0.39884325861930847,-0.026105770468711827,0.42857142857142855,sensor node 4 (~0.4 m up),-0.010412110562508736,825.7142857142857,-52.06055281254368,False
synthetic,synthetic-228,True,damage severity 0.3,0.29082074761390686,-0.03584059923887249,7.285714285714286,sensor node 53 (~7.3 m up),-0.01042318986557932,1237.142857142857,-52.115949327896594,False
synthetic,synthetic-302,True,damage severity 0.5,0.1404239535331726,-0.07461833357810976,7.285714285714286,sensor node 53 (~7.3 m up),-0.010478201407095258,1237.142857142857,-52.39100703547629,False
synthetic,synthetic-235,True,damage severity 0.3,0.22070232033729553,-0.04752781391143799,5.571428571428571,sensor node 39 (~5.6 m up),-0.010489498810813559,1134.2857142857142,-52.44749405406779,False
synthetic,synthetic-205,True,damage severity 0.3,0.2020237147808075,-0.05218717455863951,7.285714285714286,sensor node 52 (~7.3 m up),-0.010543046868250801,1237.142857142857,-52.71523434125401,False
synthetic,synthetic-459,True,damage severity 0.7,0.2109958529472351,-0.050211021304130535,0.42857142857142855,sensor node 5 (~0.4 m up),-0.010594317267416815,825.7142857142857,-52.97158633708408,False
synthetic,synthetic-732,True,damage severity 1.0,0.2238781452178955,-0.0479630246758461,5.571428571428571,sensor node 41 (~5.6 m up),-0.01073787300346858,1134.2857142857142,-53.6893650173429,False
synthetic,synthetic-218,True,damage severity 0.3,0.2857798635959625,-0.03873113393783572,0.42857142857142855,sensor node 5 (~0.4 m up),-0.011068578173671647,825.7142857142857,-55.34289086835824,False
synthetic,synthetic-598,True,damage severity 0.7,0.27992281317710876,-0.04116905033588406,2.142857142857143,sensor node 16 (~2.1 m up),-0.011524156385850661,928.5714285714286,-57.620781929253305,False
synthetic,synthetic-462,True,damage severity 0.7,0.1914927363395691,-0.06104677021503446,2.142857142857143,sensor node 15 (~2.1 m up),-0.011690013073169855,928.5714285714286,-58.45006536584928,False
synthetic,synthetic-42,False,healthy,0.24916328489780426,-0.047609239816665615,5.571428571428571,sensor node 40 (~5.6 m up),-0.01186247458420774,1134.2857142857142,-59.3123729210387,False
synthetic,synthetic-386,True,damage severity 0.5,0.24304328858852386,-0.049134288728237184,5.571428571428571,sensor node 41 (~5.6 m up),-0.011941759114968805,1134.2857142857142,-59.708795574844025,False
synthetic,synthetic-680,True,damage severity 1.0,0.1427791863679886,-0.08445560038089754,2.142857142857143,sensor node 16 (~2.1 m up),-0.012058501906604537,928.5714285714286,-60.29250953302269,False
synthetic,synthetic-321,True,damage severity 0.5,0.18026573956012726,-0.06891009360551835,5.571428571428571,sensor node 41 (~5.6 m up),-0.012422128986956361,1134.2857142857142,-62.11064493478181,False
synthetic,synthetic-140,False,healthy,0.2769216299057007,-0.04486656934022905,5.571428571428571,sensor node 41 (~5.6 m up),-0.012424523509973365,1134.2857142857142,-62.122617549866824,False
synthetic,synthetic-292,True,damage severity 0.3,0.3206142485141754,-0.038882246613502536,2.142857142857143,sensor node 17 (~2.1 m up),-0.012466202278530958,928.5714285714286,-62.33101139265479,False
synthetic,synthetic-231,True,damage severity 0.3,0.2738925814628601,-0.046128879487514526,9.0,sensor node 65 (~9.0 m up),-0.01263435788282453,1340.0,-63.17178941412265,False
synthetic,synthetic-327,True,damage severity 0.5,0.19022351503372192,-0.06698366701602931,9.0,sensor node 65 (~9.0 m up),-0.012741868589637476,1340.0,-63.70934294818738,False
synthetic,synthetic-580,True,damage severity 0.7,0.16077786684036255,-0.07936209440231319,7.285714285714286,sensor node 53 (~7.3 m up),-0.012759668245987392,1237.142857142857,-63.79834122993696,False
synthetic,synthetic-280,True,damage severity 0.3,0.20639805495738983,-0.06213136315345765,7.285714285714286,sensor node 53 (~7.3 m up),-0.012823792506724899,1237.142857142857,-64.1189625336245,False
synthetic,synthetic-357,True,damage severity 0.5,0.33123695850372314,-0.03877572119235992,2.142857142857143,sensor node 16 (~2.1 m up),-0.012843951951545661,928.5714285714286,-64.21975975772831,False
synthetic,synthetic-256,True,damage severity 0.3,0.1670861542224884,-0.07727821022272112,7.285714285714286,sensor node 52 (~7.3 m up),-0.01291211895131146,1237.142857142857,-64.56059475655731,False
synthetic,synthetic-223,True,damage severity 0.3,0.31807979941368103,-0.040688523650169256,7.285714285714286,sensor node 53 (~7.3 m up),-0.012942197441084654,1237.142857142857,-64.71098720542327,False
synthetic,synthetic-714,True,damage severity 1.0,0.22229886054992676,-0.058546549081802374,5.571428571428571,sensor node 40 (~5.6 m up),-0.01301483115001503,1134.2857142857142,-65.07415575007515,False
synthetic,synthetic-687,True,damage severity 1.0,0.19548414647579193,-0.07061487585306167,0.42857142857142855,sensor node 5 (~0.4 m up),-0.013804088734629771,825.7142857142857,-69.02044367314886,False
synthetic,synthetic-215,True,damage severity 0.3,0.19338491559028625,-0.07195024043321611,5.571428571428571,sensor node 41 (~5.6 m up),-0.0139140911728783,1134.2857142857142,-69.5704558643915,False
synthetic,synthetic-299,True,damage severity 0.3,0.19356118142604828,-0.07229961901903147,5.571428571428571,sensor node 41 (~5.6 m up),-0.01399439967397692,1134.2857142857142,-69.9719983698846,False
synthetic,synthetic-236,True,damage severity 0.3,0.2298291027545929,-0.062118157744407626,7.285714285714286,sensor node 53 (~7.3 m up),-0.01427656045916547,1237.142857142857,-71.38280229582735,False
synthetic,synthetic-508,True,damage severity 0.7,0.16938722133636475,-0.08502287119627001,2.142857142857143,sensor node 15 (~2.1 m up),-0.01440178790197582,928.5714285714286,-72.0089395098791,False
synthetic,synthetic-559,True,damage severity 0.7,0.224049910902977,-0.0650384858250617,7.285714285714286,sensor node 53 (~7.3 m up),-0.014571866954369607,1237.142857142857,-72.85933477184804,False
synthetic,synthetic-252,True,damage severity 0.3,0.24676690995693207,-0.06067331433296199,7.285714285714286,sensor node 53 (~7.3 m up),-0.014972166294790668,1237.142857142857,-74.86083147395334,False
synthetic,synthetic-312,True,damage severity 0.5,0.15126937627792358,-0.09900918751955023,7.285714285714286,sensor node 51 (~7.3 m up),-0.01497705804186634,1237.142857142857,-74.8852902093317,False
synthetic,synthetic-240,True,damage severity 0.3,0.25861117243766785,-0.058613854646682756,3.8571428571428568,sensor node 28 (~3.9 m up),-0.015158197671269674,1031.4285714285713,-75.79098835634836,False
synthetic,synthetic-477,True,damage severity 0.7,0.2379906177520752,-0.0643237814307213,7.285714285714286,sensor node 53 (~7.3 m up),-0.015308456478846827,1237.142857142857,-76.54228239423414,False
synthetic,synthetic-177,True,damage severity 0.3,0.17799022793769836,-0.08626476377248768,7.285714285714286,sensor node 52 (~7.3 m up),-0.015354284966856787,1237.142857142857,-76.77142483428393,False
synthetic,synthetic-688,True,damage severity 1.0,0.21028035879135132,-0.07313447296619414,7.285714285714286,sensor node 53 (~7.3 m up),-0.015378743215347688,1237.142857142857,-76.89371607673844,False
synthetic,synthetic-584,True,damage severity 0.7,0.19807621836662292,-0.07797279506921771,0.42857142857142855,sensor node 5 (~0.4 m up),-0.015444556382786306,825.7142857142857,-77.22278191393153,False
synthetic,synthetic-734,True,damage severity 1.0,0.2427545189857483,-0.06365083456039429,7.285714285714286,sensor node 53 (~7.3 m up),-0.015451527726749958,1237.142857142857,-77.25763863374979,False
synthetic,synthetic-247,True,damage severity 0.3,0.1459125280380249,-0.10621999800205231,5.571428571428571,sensor node 40 (~5.6 m up),-0.015498828436673407,1134.2857142857142,-77.49414218336703,False
synthetic,synthetic-639,True,damage severity 1.0,0.3432404100894928,-0.04517670124769205,9.0,sensor node 64 (~9.0 m up),-0.015506469462748319,1340.0,-77.5323473137416,False
synthetic,synthetic-587,True,damage severity 0.7,0.18496708571910858,-0.08400517255067827,3.8571428571428568,sensor node 28 (~3.9 m up),-0.015538191952029814,1031.4285714285713,-77.69095976014907,False
synthetic,synthetic-740,True,damage severity 1.0,0.1638447642326355,-0.09503717124462123,7.285714285714286,sensor node 53 (~7.3 m up),-0.01557134291591157,1237.142857142857,-77.85671457955786,False
synthetic,synthetic-394,True,damage severity 0.5,0.15527144074440002,-0.10118478834629058,0.42857142857142855,sensor node 5 (~0.4 m up),-0.015711107867945717,825.7142857142857,-78.55553933972858,False
synthetic,synthetic-453,True,damage severity 0.7,0.2668265998363495,-0.05898135453462605,5.571428571428571,sensor node 41 (~5.6 m up),-0.01573779428421652,1134.2857142857142,-78.68897142108261,False
synthetic,synthetic-605,True,damage severity 1.0,0.18414264917373657,-0.08722741901874544,5.571428571428571,sensor node 39 (~5.6 m up),-0.01606228801869936,1134.2857142857142,-80.3114400934968,False
synthetic,synthetic-451,True,damage severity 0.7,0.2596141993999481,-0.06314520686864857,2.142857142857143,sensor node 17 (~2.1 m up),-0.0163933923271483,928.5714285714286,-81.96696163574151,False
synthetic,synthetic-275,True,damage severity 0.3,0.22781164944171906,-0.07346807867288586,5.571428571428571,sensor node 39 (~5.6 m up),-0.01673688418378411,1134.2857142857142,-83.68442091892055,False
synthetic,synthetic-511,True,damage severity 0.7,0.3601968586444855,-0.04690181761980057,0.42857142857142855,sensor node 5 (~0.4 m up),-0.016893887371368745,825.7142857142857,-84.46943685684373,False
synthetic,synthetic-486,True,damage severity 0.7,0.4213820993900299,-0.0407707452774047,0.42857142857142855,sensor node 4 (~0.4 m up),-0.01718006223868894,825.7142857142857,-85.9003111934447,False
synthetic,synthetic-255,True,damage severity 0.3,0.17786675691604614,-0.09660793393850327,7.285714285714286,sensor node 53 (~7.3 m up),-0.017183339902001205,1237.142857142857,-85.91669951000603,False
synthetic,synthetic-411,True,damage severity 0.5,0.181019127368927,-0.0966657236218453,3.8571428571428568,sensor node 27 (~3.9 m up),-0.01749834493651231,1031.4285714285713,-87.49172468256155,False
synthetic,synthetic-490,True,damage severity 0.7,0.25115907192230225,-0.07116839885711672,7.285714285714286,sensor node 52 (~7.3 m up),-0.01787458900714967,1237.142857142857,-89.37294503574834,False
synthetic,synthetic-646,True,damage severity 1.0,0.18793363869190216,-0.0951761737465858,2.142857142857143,sensor node 16 (~2.1 m up),-0.01788680464896856,928.5714285714286,-89.43402324484279,False
synthetic,synthetic-313,True,damage severity 0.5,0.23249384760856628,-0.07860375493764876,3.8571428571428568,sensor node 28 (~3.9 m up),-0.018274889421934802,1031.4285714285713,-91.37444710967401,False
synthetic,synthetic-437,True,damage severity 0.5,0.210386723279953,-0.08689325898885725,3.8571428571428568,sensor node 28 (~3.9 m up),-0.018281188033782,1031.4285714285713,-91.40594016890999,False
synthetic,synthetic-716,True,damage severity 1.0,0.40713903307914734,-0.04524672478437425,7.285714285714286,sensor node 52 (~7.3 m up),-0.018421707778708423,1237.142857142857,-92.10853889354212,False
synthetic,synthetic-72,False,healthy,0.23501385748386383,-0.0784013196825981,5.571428571428571,sensor node 41 (~5.6 m up),-0.018425396570432958,1134.2857142857142,-92.12698285216479,False
synthetic,synthetic-186,True,damage severity 0.3,0.30712947249412537,-0.0601271748542786,7.285714285714286,sensor node 53 (~7.3 m up),-0.018466827495556625,1237.142857142857,-92.33413747778313,False
synthetic,synthetic-153,True,damage severity 0.3,0.28938665986061096,-0.06433814913034444,5.571428571428571,sensor node 41 (~5.6 m up),-0.01861860207844425,1134.2857142857142,-93.09301039222125,False
synthetic,synthetic-627,True,damage severity 1.0,0.23370064795017242,-0.08040328025817864,5.571428571428571,sensor node 41 (~5.6 m up),-0.018790298693655654,1134.2857142857142,-93.95149346827827,False
synthetic,synthetic-573,True,damage severity 0.7,0.21787065267562866,-0.0866585493087769,7.285714285714286,sensor node 53 (~7.3 m up),-0.01888035469782637,1237.142857142857,-94.40177348913186,False
synthetic,synthetic-638,True,damage severity 1.0,0.2189144492149353,-0.08967261314392092,5.571428571428571,sensor node 41 (~5.6 m up),-0.019630630716065415,1134.2857142857142,-98.15315358032707,False
synthetic,synthetic-704,True,damage severity 1.0,0.28868407011032104,-0.07159265354275701,7.285714285714286,sensor node 53 (~7.3 m up),-0.02066765861472119,1237.142857142857,-103.33829307360594,False
synthetic,synthetic-528,True,damage severity 0.7,0.1446378082036972,-0.1450412526726723,7.285714285714286,sensor node 53 (~7.3 m up),-0.02097844888569396,1237.142857142857,-104.8922444284698,False
synthetic,synthetic-500,True,damage severity 0.7,0.4996161460876465,-0.042303773760795575,5.571428571428571,sensor node 40 (~5.6 m up),-0.021135648411332388,1134.2857142857142,-105.67824205666194,False
synthetic,synthetic-592,True,damage severity 0.7,0.21644218266010284,-0.09876984804868694,3.8571428571428568,sensor node 27 (~3.9 m up),-0.0213779614926645,1031.4285714285713,-106.8898074633225,False
synthetic,synthetic-652,True,damage severity 1.0,0.30277422070503235,-0.07164352089166644,7.285714285714286,sensor node 53 (~7.3 m up),-0.02169181120653901,1237.142857142857,-108.45905603269505,False
synthetic,synthetic-730,True,damage severity 1.0,0.23894807696342468,-0.09089218676090244,0.42857142857142855,sensor node 4 (~0.4 m up),-0.021718513237518087,825.7142857142857,-108.59256618759044,False
synthetic,synthetic-575,True,damage severity 0.7,0.297092080116272,-0.07482445389032363,5.571428571428571,sensor node 41 (~5.6 m up),-0.022229752649840326,1134.2857142857142,-111.14876324920164,False
synthetic,synthetic-428,True,damage severity 0.5,0.32587262988090515,-0.07106440365314481,3.8571428571428568,sensor node 27 (~3.9 m up),-0.023157944109368504,1031.4285714285713,-115.78972054684252,False
synthetic,synthetic-685,True,damage severity 1.0,0.11239523440599442,-0.2066818065941334,5.571428571428571,sensor node 41 (~5.6 m up),-0.023230050099602027,1134.2857142857142,-116.15025049801014,False
synthetic,synthetic-538,True,damage severity 0.7,0.28144824504852295,-0.08467205613851551,0.42857142857142855,sensor node 5 (~0.4 m up),-0.023830801604835205,825.7142857142857,-119.15400802417602,False
LUMO,lumo-block-26,True,DAM3,0.16286450624465942,-0.14818727605171808,7.0,ML3 (~7.00 m up),-0.02413444754590411,1220.0,-120.67223772952055,False
synthetic,synthetic-537,True,damage severity 0.7,0.2054031491279602,-0.1192723363637924,5.571428571428571,sensor node 41 (~5.6 m up),-0.02449891349297228,1134.2857142857142,-122.4945674648614,False
synthetic,synthetic-619,True,damage severity 1.0,0.26132017374038696,-0.09411660581827164,5.571428571428571,sensor node 40 (~5.6 m up),-0.02459456778428626,1134.2857142857142,-122.97283892143129,False
synthetic,synthetic-543,True,damage severity 0.7,0.19587017595767975,-0.12797860354185106,0.42857142857142855,sensor node 3 (~0.4 m up),-0.025067191594560504,825.7142857142857,-125.33595797280252,False
synthetic,synthetic-684,True,damage severity 1.0,0.22318223118782043,-0.1128839075565338,5.571428571428571,sensor node 41 (~5.6 m up),-0.025193682353666876,1134.2857142857142,-125.96841176833438,False
synthetic,synthetic-157,True,damage severity 0.3,0.3148508369922638,-0.08083330690860752,7.285714285714286,sensor node 51 (~7.3 m up),-0.025450434337027615,1237.142857142857,-127.25217168513808,False
synthetic,synthetic-708,True,damage severity 1.0,0.28327739238739014,-0.09217578172683723,7.285714285714286,sensor node 53 (~7.3 m up),-0.026111315088847696,1237.142857142857,-130.5565754442385,False
synthetic,synthetic-393,True,damage severity 0.5,0.2810496687889099,-0.09305423945188517,7.285714285714286,sensor node 52 (~7.3 m up),-0.02615286317735624,1237.142857142857,-130.7643158867812,False
synthetic,synthetic-650,True,damage severity 1.0,0.16280756890773773,-0.16355045139789587,7.285714285714286,sensor node 53 (~7.3 m up),-0.026627251385854544,1237.142857142857,-133.13625692927272,False
synthetic,synthetic-183,True,damage severity 0.3,0.20176461338996887,-0.13204007595777512,5.571428571428571,sensor node 41 (~5.6 m up),-0.02664101487760262,1134.2857142857142,-133.2050743880131,False
synthetic,synthetic-391,True,damage severity 0.5,0.3217483460903168,-0.08355238437652587,5.571428571428571,sensor node 41 (~5.6 m up),-0.026882841485049623,1134.2857142857142,-134.41420742524812,False
synthetic,synthetic-503,True,damage severity 0.7,0.35429227352142334,-0.07692237794399252,5.571428571428571,sensor node 40 (~5.6 m up),-0.0272530041664513,1134.2857142857142,-136.2650208322565,False
synthetic,synthetic-99,False,healthy,0.18338638544082642,-0.15112345516681677,7.285714285714286,sensor node 52 (~7.3 m up),-0.02771398419837131,1237.142857142857,-138.56992099185655,False
synthetic,synthetic-278,True,damage severity 0.3,0.1400376409292221,-0.20027862042188646,5.571428571428571,sensor node 40 (~5.6 m up),-0.028046545532440105,1134.2857142857142,-140.23272766220052,False
synthetic,synthetic-377,True,damage severity 0.5,0.21949689090251923,-0.13251818269491197,5.571428571428571,sensor node 41 (~5.6 m up),-0.029087329089585206,1134.2857142857142,-145.43664544792603,False
synthetic,synthetic-517,True,damage severity 0.7,0.2665320038795471,-0.11141794770956043,7.285714285714286,sensor node 53 (~7.3 m up),-0.02969644887117574,1237.142857142857,-148.4822443558787,False
synthetic,synthetic-338,True,damage severity 0.5,0.21517159044742584,-0.13966997861862182,7.285714285714286,sensor node 53 (~7.3 m up),-0.03005301143712682,1237.142857142857,-150.2650571856341,False
synthetic,synthetic-106,False,healthy,0.22597149014472961,-0.13827038258314114,3.8571428571428568,sensor node 28 (~3.9 m up),-0.031245164395194272,1031.4285714285713,-156.22582197597137,False
synthetic,synthetic-336,True,damage severity 0.5,0.1965603232383728,-0.1607553482055665,7.285714285714286,sensor node 52 (~7.3 m up),-0.03159812320558333,1237.142857142857,-157.99061602791664,False
synthetic,synthetic-625,True,damage severity 1.0,0.19477427005767822,-0.1772890314459801,7.285714285714286,sensor node 52 (~7.3 m up),-0.034531341689123536,1237.142857142857,-172.65670844561768,False
synthetic,synthetic-304,True,damage severity 0.5,0.4437220096588135,-0.08360290229320513,7.285714285714286,sensor node 53 (~7.3 m up),-0.03709644781885041,1237.142857142857,-185.48223909425204,False
synthetic,synthetic-320,True,damage severity 0.5,0.44102466106414795,-0.08743973672389985,7.285714285714286,sensor node 53 (~7.3 m up),-0.03856308025219626,1237.142857142857,-192.8154012609813,False
synthetic,synthetic-452,True,damage severity 0.7,0.18459641933441162,-0.2249338895082473,9.0,sensor node 63 (~9.0 m up),-0.04152199059018463,1340.0,-207.60995295092317,False
synthetic,synthetic-642,True,damage severity 1.0,0.23474417626857758,-0.18250532597303384,7.285714285714286,sensor node 53 (~7.3 m up),-0.042842062410168066,1237.142857142857,-214.21031205084034,False
LUMO,lumo-block-27,True,DAM3,0.10036036372184753,-0.46999311992377557,5.95,ML4 (~5.95 m up),-0.04716868046231602,1157.0,-235.84340231158012,False
synthetic,synthetic-306,True,damage severity 0.5,0.313554048538208,-0.15117797106504446,9.0,sensor node 63 (~9.0 m up),-0.04740246487723676,1340.0,-237.0123243861838,False
synthetic,synthetic-267,True,damage severity 0.3,0.30726081132888794,-0.15443290174007418,7.285714285714286,sensor node 53 (~7.3 m up),-0.047451178684529624,1237.142857142857,-237.2558934226481,False
synthetic,synthetic-155,True,damage severity 0.3,0.30052676796913147,-0.16412772834301,9.0,sensor node 64 (~9.0 m up),-0.049324775733040414,1340.0,-246.62387866520208,False
synthetic,synthetic-282,True,damage severity 0.3,0.17261366546154022,-0.31468660384416586,9.0,sensor node 64 (~9.0 m up),-0.05431920816118508,1340.0,-271.5960408059254,False
synthetic,synthetic-501,True,damage severity 0.7,0.2703930735588074,-0.20410454422235472,9.0,sensor node 64 (~9.0 m up),-0.055188455039602013,1340.0,-275.94227519801007,False
synthetic,synthetic-666,True,damage severity 1.0,0.27039510011672974,-0.21166534423828123,7.285714285714286,sensor node 52 (~7.3 m up),-0.05723327194655212,1237.142857142857,-286.1663597327606,False
synthetic,synthetic-748,True,damage severity 1.0,0.33511531352996826,-0.19579033255577089,7.285714285714286,sensor node 51 (~7.3 m up),-0.06561233868056392,1237.142857142857,-328.06169340281957,False
synthetic,synthetic-527,True,damage severity 0.7,0.1465204954147339,-0.4704312473535538,9.0,sensor node 63 (~9.0 m up),-0.06892781942081393,1340.0,-344.6390971040696,False
synthetic,synthetic-531,True,damage severity 0.7,0.2157050371170044,-0.39898852109909066,7.285714285714286,sensor node 53 (~7.3 m up),-0.08606383375293804,1237.142857142857,-430.3191687646902,False
synthetic,synthetic-582,True,damage severity 0.7,0.9781067371368408,-0.10900078415870675,9.0,sensor node 63 (~9.0 m up),-0.1066144013388297,1340.0,-533.0720066941485,False
synthetic,synthetic-696,True,damage severity 1.0,0.21264423429965973,-0.7082893744111063,5.571428571428571,sensor node 40 (~5.6 m up),-0.1506136516842347,1134.2857142857142,-753.0682584211736,False
synthetic,synthetic-456,True,damage severity 0.7,0.45044592022895813,-0.4663662508130075,9.0,sensor node 64 (~9.0 m up),-0.21007277501119426,1340.0,-1050.3638750559712,False
